id,value,location,sample date,measure
589619,105,Boonsri,14-Jan-05,Total hardness
591214,107.239998,Boonsri,14-Jan-05,Total hardness
592969,98.279999,Boonsri,14-Jan-05,Total hardness
613512,124.599999,Kannika,16-Jan-05,Total hardness
614447,130.300003,Kannika,16-Jan-05,Total hardness
615464,130.300003,Kannika,16-Jan-05,Total hardness
616393,135,Sakda,16-Jan-05,Total hardness
617330,141,Sakda,16-Jan-05,Total hardness
618352,141,Sakda,16-Jan-05,Total hardness
607552,118.900002,Somchair,22-Jan-05,Total hardness
608500,113.300003,Busarakhan,22-Jan-05,Total hardness
603311,118,Chai,27-Jan-05,Total hardness
604670,124,Chai,27-Jan-05,Total hardness
606201,124,Chai,27-Jan-05,Total hardness
589671,114.239998,Boonsri,28-Jan-05,Total hardness
591273,109.760002,Boonsri,28-Jan-05,Total hardness
593020,108.639999,Boonsri,28-Jan-05,Total hardness
602352,431.200012,Kohsoom,30-Jan-05,Total hardness
589723,119,Boonsri,11-Feb-05,Total hardness
591333,121.239998,Boonsri,11-Feb-05,Total hardness
593072,116.480003,Boonsri,11-Feb-05,Total hardness
613558,130.300003,Kannika,11-Feb-05,Total hardness
614500,130.300003,Kannika,11-Feb-05,Total hardness
615511,130.300003,Kannika,11-Feb-05,Total hardness
616440,130.300003,Sakda,11-Feb-05,Total hardness
617384,130.300003,Sakda,11-Feb-05,Total hardness
618398,124.599999,Sakda,11-Feb-05,Total hardness
607599,169.899994,Somchair,20-Feb-05,Total hardness
608546,164.300003,Busarakhan,20-Feb-05,Total hardness
603379,135.899994,Chai,21-Feb-05,Total hardness
604753,135.899994,Chai,21-Feb-05,Total hardness
606269,130.300003,Chai,21-Feb-05,Total hardness
589765,125.720001,Boonsri,24-Feb-05,Total hardness
591382,132.720001,Boonsri,24-Feb-05,Total hardness
593113,125.720001,Boonsri,24-Feb-05,Total hardness
602402,381.920013,Kohsoom,27-Feb-05,Total hardness
589816,115.360001,Boonsri,11-Mar-05,Total hardness
591441,112.839996,Boonsri,11-Mar-05,Total hardness
593164,120.120003,Boonsri,11-Mar-05,Total hardness
613599,135.899994,Kannika,11-Mar-05,Total hardness
614548,135.899994,Kannika,11-Mar-05,Total hardness
615550,130.300003,Kannika,11-Mar-05,Total hardness
616482,141.600006,Sakda,11-Mar-05,Total hardness
617431,141.600006,Sakda,11-Mar-05,Total hardness
618437,141.600006,Sakda,11-Mar-05,Total hardness
603442,145,Chai,17-Mar-05,Total hardness
604822,145,Chai,17-Mar-05,Total hardness
606331,140,Chai,17-Mar-05,Total hardness
607646,145,Somchair,24-Mar-05,Total hardness
608594,230,Busarakhan,24-Mar-05,Total hardness
589868,112.839996,Boonsri,25-Mar-05,Total hardness
591500,124.599999,Boonsri,25-Mar-05,Total hardness
593216,108.080002,Boonsri,25-Mar-05,Total hardness
602456,412.720001,Kohsoom,27-Mar-05,Total hardness
589923,122.639999,Boonsri,8-Apr-05,Total hardness
591563,120.400002,Boonsri,8-Apr-05,Total hardness
593271,118.160004,Boonsri,8-Apr-05,Total hardness
613644,145.800003,Kannika,8-Apr-05,Total hardness
614601,140.199997,Kannika,8-Apr-05,Total hardness
615594,134.600006,Kannika,8-Apr-05,Total hardness
616526,140.199997,Sakda,8-Apr-05,Total hardness
617481,140.199997,Sakda,8-Apr-05,Total hardness
618479,134.600006,Sakda,8-Apr-05,Total hardness
603526,134.600006,Chai,11-Apr-05,Total hardness
604918,140.199997,Chai,11-Apr-05,Total hardness
606414,129,Chai,11-Apr-05,Total hardness
589975,90.160004,Boonsri,22-Apr-05,Total hardness
591622,119.279999,Boonsri,22-Apr-05,Total hardness
593321,94.919998,Boonsri,22-Apr-05,Total hardness
602510,381.920013,Kohsoom,25-Apr-05,Total hardness
590029,97.199997,Boonsri,13-May-05,Total hardness
591685,99.699997,Boonsri,13-May-05,Total hardness
593375,92.699997,Boonsri,13-May-05,Total hardness
613692,137.399994,Kannika,13-May-05,Total hardness
614655,120.900002,Kannika,13-May-05,Total hardness
615641,126.400002,Kannika,13-May-05,Total hardness
616573,120.900002,Sakda,13-May-05,Total hardness
617534,126.400002,Sakda,13-May-05,Total hardness
618525,137.399994,Sakda,13-May-05,Total hardness
603613,13.74,Chai,16-May-05,Total hardness
605019,14.29,Chai,16-May-05,Total hardness
606500,17.84,Chai,16-May-05,Total hardness
590103,84.599998,Boonsri,28-May-05,Total hardness
591759,82.300003,Boonsri,28-May-05,Total hardness
593450,89,Boonsri,28-May-05,Total hardness
602583,431.200012,Kohsoom,29-May-05,Total hardness
607741,120.900002,Somchair,29-May-05,Total hardness
608689,126.400002,Busarakhan,29-May-05,Total hardness
590140,80.080002,Boonsri,10-Jun-05,Total hardness
591796,86.800003,Boonsri,10-Jun-05,Total hardness
593487,84.559998,Boonsri,10-Jun-05,Total hardness
613743,126.400002,Kannika,10-Jun-05,Total hardness
614714,131.899994,Kannika,10-Jun-05,Total hardness
615692,137.399994,Kannika,10-Jun-05,Total hardness
616625,126.400002,Sakda,10-Jun-05,Total hardness
617592,131.899994,Sakda,10-Jun-05,Total hardness
618575,137.399994,Sakda,10-Jun-05,Total hardness
603699,137.399994,Chai,13-Jun-05,Total hardness
605115,142.899994,Chai,13-Jun-05,Total hardness
606586,137.399994,Chai,13-Jun-05,Total hardness
607792,112.199997,Somchair,17-Jun-05,Total hardness
608740,106.5,Busarakhan,17-Jun-05,Total hardness
590192,84,Boonsri,24-Jun-05,Total hardness
591855,77.279999,Boonsri,24-Jun-05,Total hardness
593539,81.760002,Boonsri,24-Jun-05,Total hardness
602619,492.799988,Kohsoom,26-Jun-05,Total hardness
590246,88.760002,Boonsri,8-Jul-05,Total hardness
591913,86.519997,Boonsri,8-Jul-05,Total hardness
593593,85.400002,Boonsri,8-Jul-05,Total hardness
613794,100.900002,Kannika,8-Jul-05,Total hardness
614770,106.5,Kannika,8-Jul-05,Total hardness
615742,100.900002,Kannika,8-Jul-05,Total hardness
616678,95.300003,Sakda,8-Jul-05,Total hardness
617651,100.900002,Sakda,8-Jul-05,Total hardness
618627,95.300003,Sakda,8-Jul-05,Total hardness
590302,78.959999,Boonsri,22-Jul-05,Total hardness
591977,85.68,Boonsri,22-Jul-05,Total hardness
593649,88.199997,Boonsri,22-Jul-05,Total hardness
603790,112,Chai,23-Jul-05,Total hardness
605219,117,Chai,23-Jul-05,Total hardness
606676,112,Chai,23-Jul-05,Total hardness
602658,418.880005,Kohsoom,24-Jul-05,Total hardness
607842,123,Somchair,24-Jul-05,Total hardness
608791,140.199997,Busarakhan,24-Jul-05,Total hardness
590356,78.959999,Boonsri,12-Aug-05,Total hardness
592038,74.480003,Boonsri,12-Aug-05,Total hardness
593703,78.959999,Boonsri,12-Aug-05,Total hardness
613847,94,Kannika,12-Aug-05,Total hardness
614832,102,Kannika,12-Aug-05,Total hardness
615795,102,Kannika,12-Aug-05,Total hardness
616732,102,Sakda,12-Aug-05,Total hardness
617713,94,Sakda,12-Aug-05,Total hardness
618680,106,Sakda,12-Aug-05,Total hardness
607894,112.199997,Somchair,14-Aug-05,Total hardness
608843,112.199997,Busarakhan,14-Aug-05,Total hardness
603883,112,Chai,18-Aug-05,Total hardness
605330,89.699997,Chai,18-Aug-05,Total hardness
606770,89.699997,Chai,18-Aug-05,Total hardness
590411,81.400002,Boonsri,26-Aug-05,Total hardness
592101,83.580002,Boonsri,26-Aug-05,Total hardness
593758,94.970001,Boonsri,26-Aug-05,Total hardness
602734,381.920013,Kohsoom,28-Aug-05,Total hardness
590468,83.599998,Boonsri,9-Sep-05,Total hardness
592166,83.599998,Boonsri,9-Sep-05,Total hardness
593815,81.389999,Boonsri,9-Sep-05,Total hardness
613904,11.2,Kannika,9-Sep-05,Total hardness
614896,11.2,Kannika,9-Sep-05,Total hardness
615851,10.6,Kannika,9-Sep-05,Total hardness
616789,10,Sakda,9-Sep-05,Total hardness
617777,15.1,Sakda,9-Sep-05,Total hardness
618736,16.799999,Sakda,9-Sep-05,Total hardness
603979,9.53,Chai,22-Sep-05,Total hardness
605441,10,Chai,22-Sep-05,Total hardness
606864,9.53,Chai,22-Sep-05,Total hardness
590521,92.68,Boonsri,23-Sep-05,Total hardness
592222,92.68,Boonsri,23-Sep-05,Total hardness
593868,97.160004,Boonsri,23-Sep-05,Total hardness
607947,12.3,Somchair,24-Sep-05,Total hardness
608896,11.7,Busarakhan,24-Sep-05,Total hardness
602768,406.559998,Kohsoom,25-Sep-05,Total hardness
590576,113.120003,Boonsri,2-Oct-05,Total hardness
592280,103.879997,Boonsri,2-Oct-05,Total hardness
593923,108.639999,Boonsri,2-Oct-05,Total hardness
604072,112.099999,Chai,10-Oct-05,Total hardness
605549,118.099999,Chai,10-Oct-05,Total hardness
606956,118.099999,Chai,10-Oct-05,Total hardness
613954,135.800003,Kannika,14-Oct-05,Total hardness
614953,141,Kannika,14-Oct-05,Total hardness
615900,141,Kannika,14-Oct-05,Total hardness
616838,171.199997,Sakda,14-Oct-05,Total hardness
617834,177,Sakda,14-Oct-05,Total hardness
618785,171,Sakda,14-Oct-05,Total hardness
590618,103.599999,Boonsri,21-Oct-05,Total hardness
592334,110.040001,Boonsri,21-Oct-05,Total hardness
593964,103.599999,Boonsri,21-Oct-05,Total hardness
602817,369.600006,Kohsoom,23-Oct-05,Total hardness
607997,141,Somchair,23-Oct-05,Total hardness
608946,177,Busarakhan,23-Oct-05,Total hardness
590663,98.839996,Boonsri,6-Nov-05,Total hardness
592385,96.599998,Boonsri,6-Nov-05,Total hardness
594008,98.839996,Boonsri,6-Nov-05,Total hardness
614000,112.099999,Kannika,11-Nov-05,Total hardness
615005,141,Kannika,11-Nov-05,Total hardness
615947,118,Kannika,11-Nov-05,Total hardness
616884,112.099999,Sakda,11-Nov-05,Total hardness
617888,129,Sakda,11-Nov-05,Total hardness
618830,129,Sakda,11-Nov-05,Total hardness
604154,112.099999,Chai,19-Nov-05,Total hardness
605648,118.099999,Chai,19-Nov-05,Total hardness
607036,112.099999,Chai,19-Nov-05,Total hardness
608048,147,Somchair,24-Nov-05,Total hardness
608994,141,Busarakhan,24-Nov-05,Total hardness
590710,94.639999,Boonsri,25-Nov-05,Total hardness
592443,94.360001,Boonsri,25-Nov-05,Total hardness
594054,105.839996,Boonsri,25-Nov-05,Total hardness
602854,400.399994,Kohsoom,27-Nov-05,Total hardness
590754,110.879997,Boonsri,2-Dec-05,Total hardness
592494,108.360001,Boonsri,2-Dec-05,Total hardness
594101,106.400002,Boonsri,2-Dec-05,Total hardness
604236,133,Chai,5-Dec-05,Total hardness
605745,133,Chai,5-Dec-05,Total hardness
607114,127.199997,Chai,5-Dec-05,Total hardness
614045,115.599999,Kannika,9-Dec-05,Total hardness
615056,133,Kannika,9-Dec-05,Total hardness
615991,121.400002,Kannika,9-Dec-05,Total hardness
616928,121.400002,Sakda,9-Dec-05,Total hardness
617938,115.599999,Sakda,9-Dec-05,Total hardness
618873,127.199997,Sakda,9-Dec-05,Total hardness
608094,237,Somchair,22-Dec-05,Total hardness
609041,179,Busarakhan,22-Dec-05,Total hardness
707009,134,Kannika,13-Jan-06,Total hardness
707953,151,Kannika,13-Jan-06,Total hardness
708982,134,Kannika,13-Jan-06,Total hardness
709943,124,Sakda,13-Jan-06,Total hardness
710888,124,Sakda,13-Jan-06,Total hardness
711893,113.2,Sakda,13-Jan-06,Total hardness
696816,145,Chai,19-Jan-06,Total hardness
698183,145,Chai,19-Jan-06,Total hardness
699689,140,Chai,19-Jan-06,Total hardness
683208,100.8,Boonsri,27-Jan-06,Total hardness
684807,98.84,Boonsri,27-Jan-06,Total hardness
686488,100.8,Boonsri,27-Jan-06,Total hardness
702013,204,Busarakhan,28-Jan-06,Total hardness
701055,134.8,Somchair,29-Jan-06,Total hardness
683257,96.32,Boonsri,10-Feb-06,Total hardness
684862,94.08,Boonsri,10-Feb-06,Total hardness
686539,94.08,Boonsri,10-Feb-06,Total hardness
707051,161,Kannika,10-Feb-06,Total hardness
708001,129.4,Kannika,10-Feb-06,Total hardness
709023,161,Kannika,10-Feb-06,Total hardness
709984,145.6,Sakda,10-Feb-06,Total hardness
710938,167.2,Sakda,10-Feb-06,Total hardness
711936,129.4,Sakda,10-Feb-06,Total hardness
683305,98,Boonsri,24-Feb-06,Total hardness
684910,95.2,Boonsri,24-Feb-06,Total hardness
686587,89.6,Boonsri,24-Feb-06,Total hardness
696892,134.8,Chai,24-Feb-06,Total hardness
698276,134.8,Chai,24-Feb-06,Total hardness
699765,129.4,Chai,24-Feb-06,Total hardness
701096,178,Somchair,25-Feb-06,Total hardness
702057,183,Busarakhan,25-Feb-06,Total hardness
695903,412.72,Kohsoom,26-Feb-06,Total hardness
683354,98.7,Boonsri,9-Mar-06,Total hardness
684959,94.08,Boonsri,9-Mar-06,Total hardness
686637,96.32,Boonsri,9-Mar-06,Total hardness
710024,129,Sakda,9-Mar-06,Total hardness
710982,107,Sakda,9-Mar-06,Total hardness
711982,134,Sakda,9-Mar-06,Total hardness
696973,106.8,Chai,17-Mar-06,Total hardness
698352,149.5,Chai,17-Mar-06,Total hardness
699842,145.6,Chai,17-Mar-06,Total hardness
701139,117,Somchair,23-Mar-06,Total hardness
702103,149,Busarakhan,23-Mar-06,Total hardness
683453,91.84,Boonsri,6-Apr-06,Total hardness
685055,87.5,Boonsri,6-Apr-06,Total hardness
686735,78.4,Boonsri,6-Apr-06,Total hardness
707136,170.9,Kannika,15-Apr-06,Total hardness
708090,176,Kannika,15-Apr-06,Total hardness
709113,165.6,Kannika,15-Apr-06,Total hardness
710072,144,Sakda,15-Apr-06,Total hardness
711015,149.5,Sakda,15-Apr-06,Total hardness
712015,149.5,Sakda,15-Apr-06,Total hardness
697045,117.5,Chai,23-Apr-06,Total hardness
698433,122,Chai,23-Apr-06,Total hardness
699917,117.5,Chai,23-Apr-06,Total hardness
701181,135,Somchair,27-Apr-06,Total hardness
702146,135,Busarakhan,27-Apr-06,Total hardness
683552,94.08,Boonsri,3-May-06,Total hardness
685171,96.32,Boonsri,3-May-06,Total hardness
686824,94.08,Boonsri,3-May-06,Total hardness
707183,138,Kannika,11-May-06,Total hardness
708142,267,Kannika,11-May-06,Total hardness
709161,138,Kannika,11-May-06,Total hardness
710118,136,Sakda,11-May-06,Total hardness
711066,144,Sakda,11-May-06,Total hardness
712062,127,Sakda,11-May-06,Total hardness
683607,85.4,Boonsri,25-May-06,Total hardness
685233,87.3,Boonsri,25-May-06,Total hardness
686876,85.4,Boonsri,25-May-06,Total hardness
697128,133,Chai,25-May-06,Total hardness
698527,133,Chai,25-May-06,Total hardness
699997,133,Chai,25-May-06,Total hardness
696045,147.2,Kohsoom,27-May-06,Total hardness
701230,150,Somchair,31-May-06,Total hardness
702191,144,Busarakhan,31-May-06,Total hardness
683658,83.16,Boonsri,8-Jun-06,Total hardness
685293,83.16,Boonsri,8-Jun-06,Total hardness
686927,85.4,Boonsri,8-Jun-06,Total hardness
697212,127.2,Chai,18-Jun-06,Total hardness
698617,133,Chai,18-Jun-06,Total hardness
700081,127.2,Chai,18-Jun-06,Total hardness
683709,101.8,Boonsri,22-Jun-06,Total hardness
685352,96.6,Boonsri,22-Jun-06,Total hardness
686979,94.3,Boonsri,22-Jun-06,Total hardness
701279,129,Somchair,25-Jun-06,Total hardness
702227,129,Busarakhan,25-Jun-06,Total hardness
696098,117,Kohsoom,26-Jun-06,Total hardness
707220,122,Kannika,26-Jun-06,Total hardness
708199,128,Kannika,26-Jun-06,Total hardness
709209,122,Kannika,26-Jun-06,Total hardness
697262,112,Chai,9-Jul-06,Total hardness
698675,112,Chai,9-Jul-06,Total hardness
700132,112,Chai,9-Jul-06,Total hardness
707272,116,Kannika,11-Jul-06,Total hardness
708259,122,Kannika,11-Jul-06,Total hardness
709262,140,Kannika,11-Jul-06,Total hardness
683758,88.4,Boonsri,13-Jul-06,Total hardness
685411,86.2,Boonsri,13-Jul-06,Total hardness
687032,90.7,Boonsri,13-Jul-06,Total hardness
710206,122.7,Sakda,13-Jul-06,Total hardness
711168,134.3,Sakda,13-Jul-06,Total hardness
712161,128,Sakda,13-Jul-06,Total hardness
701333,134,Somchair,16-Jul-06,Total hardness
702281,116.3,Busarakhan,16-Jul-06,Total hardness
683816,88.4,Boonsri,27-Jul-06,Total hardness
685477,86.2,Boonsri,27-Jul-06,Total hardness
687090,88.4,Boonsri,27-Jul-06,Total hardness
683874,94,Boonsri,10-Aug-06,Total hardness
685543,87.3,Boonsri,10-Aug-06,Total hardness
687148,84.2,Boonsri,10-Aug-06,Total hardness
707325,111,Kannika,10-Aug-06,Total hardness
708319,111,Kannika,10-Aug-06,Total hardness
709315,111,Kannika,10-Aug-06,Total hardness
710260,111,Sakda,10-Aug-06,Total hardness
711229,111,Sakda,10-Aug-06,Total hardness
712215,105,Sakda,10-Aug-06,Total hardness
701387,140,Somchair,13-Aug-06,Total hardness
702335,134,Busarakhan,13-Aug-06,Total hardness
697360,122,Chai,18-Aug-06,Total hardness
698788,128,Chai,18-Aug-06,Total hardness
700230,122,Chai,18-Aug-06,Total hardness
683926,87.3,Boonsri,24-Aug-06,Total hardness
685603,91.8,Boonsri,24-Aug-06,Total hardness
687200,89.6,Boonsri,24-Aug-06,Total hardness
696178,12.5,Kohsoom,26-Aug-06,Total hardness
697458,90,Chai,2-Sep-06,Total hardness
698901,96,Chai,2-Sep-06,Total hardness
700328,96,Chai,2-Sep-06,Total hardness
683985,87.3,Boonsri,7-Sep-06,Total hardness
685669,91.8,Boonsri,7-Sep-06,Total hardness
687259,94,Boonsri,7-Sep-06,Total hardness
710315,108,Sakda,7-Sep-06,Total hardness
711291,108,Sakda,7-Sep-06,Total hardness
712270,114,Sakda,7-Sep-06,Total hardness
707379,96.5,Kannika,14-Sep-06,Total hardness
708381,102,Kannika,14-Sep-06,Total hardness
709370,102,Kannika,14-Sep-06,Total hardness
684020,98.5,Boonsri,21-Sep-06,Total hardness
685712,97,Boonsri,21-Sep-06,Total hardness
687294,98.5,Boonsri,21-Sep-06,Total hardness
701440,138,Somchair,22-Sep-06,Total hardness
702388,126,Busarakhan,22-Sep-06,Total hardness
696234,136,Kohsoom,23-Sep-06,Total hardness
701491,156,Somchair,6-Oct-06,Total hardness
702439,180,Busarakhan,6-Oct-06,Total hardness
697552,168,Chai,8-Oct-06,Total hardness
699011,144,Chai,8-Oct-06,Total hardness
700423,168,Chai,8-Oct-06,Total hardness
684079,110.32,Boonsri,12-Oct-06,Total hardness
707430,117,Kannika,12-Oct-06,Total hardness
708439,157,Kannika,12-Oct-06,Total hardness
709421,140,Kannika,12-Oct-06,Total hardness
710366,145,Sakda,12-Oct-06,Total hardness
711349,123,Sakda,12-Oct-06,Total hardness
712321,145,Sakda,12-Oct-06,Total hardness
684128,105,Boonsri,26-Oct-06,Total hardness
685778,110,Boonsri,26-Oct-06,Total hardness
687353,103,Boonsri,26-Oct-06,Total hardness
696287,125,Kohsoom,28-Oct-06,Total hardness
684187,97.4,Boonsri,9-Nov-06,Total hardness
685844,101.9,Boonsri,9-Nov-06,Total hardness
687411,99.6,Boonsri,9-Nov-06,Total hardness
707482,134,Kannika,9-Nov-06,Total hardness
708498,145,Kannika,9-Nov-06,Total hardness
709473,157,Kannika,9-Nov-06,Total hardness
710418,123,Sakda,9-Nov-06,Total hardness
711408,179,Sakda,9-Nov-06,Total hardness
712373,168,Sakda,9-Nov-06,Total hardness
697630,168,Chai,15-Nov-06,Total hardness
699104,151,Chai,15-Nov-06,Total hardness
700501,145,Chai,15-Nov-06,Total hardness
701543,157,Somchair,22-Nov-06,Total hardness
702491,140,Busarakhan,22-Nov-06,Total hardness
684242,97.4,Boonsri,23-Nov-06,Total hardness
685907,99.6,Boonsri,23-Nov-06,Total hardness
687466,101.9,Boonsri,23-Nov-06,Total hardness
696340,120,Kohsoom,25-Nov-06,Total hardness
684297,91,Boonsri,7-Dec-06,Total hardness
685970,101.9,Boonsri,7-Dec-06,Total hardness
687521,99.6,Boonsri,7-Dec-06,Total hardness
707534,134,Kannika,7-Dec-06,Total hardness
708555,145,Kannika,7-Dec-06,Total hardness
709524,134,Kannika,7-Dec-06,Total hardness
710469,134,Sakda,7-Dec-06,Total hardness
711466,140,Sakda,7-Dec-06,Total hardness
712424,134,Sakda,7-Dec-06,Total hardness
697723,145,Chai,10-Dec-06,Total hardness
699212,140,Chai,10-Dec-06,Total hardness
700594,145,Chai,10-Dec-06,Total hardness
701594,145,Somchair,13-Dec-06,Total hardness
702542,201,Busarakhan,13-Dec-06,Total hardness
684332,104.1,Boonsri,21-Dec-06,Total hardness
686013,110.8,Boonsri,21-Dec-06,Total hardness
687556,117.6,Boonsri,21-Dec-06,Total hardness
696395,125,Kohsoom,23-Dec-06,Total hardness
787617,86.8,Boonsri,11-Jan-07,Total hardness
789233,104.1,Boonsri,11-Jan-07,Total hardness
790691,104.1,Boonsri,11-Jan-07,Total hardness
812928,134,Kannika,11-Jan-07,Total hardness
813992,129,Kannika,11-Jan-07,Total hardness
815150,117,Kannika,11-Jan-07,Total hardness
816215,151,Sakda,11-Jan-07,Total hardness
817281,140,Sakda,11-Jan-07,Total hardness
818442,129,Sakda,11-Jan-07,Total hardness
801293,134,Chai,18-Jan-07,Total hardness
802783,134,Chai,18-Jan-07,Total hardness
804485,134,Chai,18-Jan-07,Total hardness
805966,146,Somchair,24-Jan-07,Total hardness
807121,166,Busarakhan,24-Jan-07,Total hardness
787675,111.1,Boonsri,25-Jan-07,Total hardness
789300,113.1,Boonsri,25-Jan-07,Total hardness
790749,108.6,Boonsri,25-Jan-07,Total hardness
800205,131.8,Kohsoom,27-Jan-07,Total hardness
787735,113.1,Boonsri,8-Feb-07,Total hardness
812985,168,Kannika,8-Feb-07,Total hardness
814057,145,Kannika,8-Feb-07,Total hardness
815207,134,Kannika,8-Feb-07,Total hardness
816272,145,Sakda,15-Feb-07,Total hardness
817345,140,Sakda,15-Feb-07,Total hardness
818500,134,Sakda,15-Feb-07,Total hardness
801393,134,Chai,16-Feb-07,Total hardness
802899,134,Chai,16-Feb-07,Total hardness
804585,134,Chai,16-Feb-07,Total hardness
787797,110.8,Boonsri,22-Feb-07,Total hardness
789368,113.1,Boonsri,22-Feb-07,Total hardness
790809,113.1,Boonsri,22-Feb-07,Total hardness
806025,140,Somchair,22-Feb-07,Total hardness
807180,134,Busarakhan,22-Feb-07,Total hardness
800262,138.6,Kohsoom,24-Feb-07,Total hardness
787864,115.3,Boonsri,9-Mar-07,Total hardness
789434,110.8,Boonsri,9-Mar-07,Total hardness
790875,106.4,Boonsri,9-Mar-07,Total hardness
813046,145,Kannika,15-Mar-07,Total hardness
814126,162,Kannika,15-Mar-07,Total hardness
815268,134,Kannika,15-Mar-07,Total hardness
816332,134,Sakda,15-Mar-07,Total hardness
817413,145,Sakda,15-Mar-07,Total hardness
818560,157,Sakda,15-Mar-07,Total hardness
787930,97.4,Boonsri,22-Mar-07,Total hardness
789501,99.6,Boonsri,22-Mar-07,Total hardness
790940,91,Boonsri,22-Mar-07,Total hardness
801478,151,Chai,23-Mar-07,Total hardness
803001,140,Chai,23-Mar-07,Total hardness
804670,134,Chai,23-Mar-07,Total hardness
800323,127.6,Kohsoom,24-Mar-07,Total hardness
806095,151,Somchair,28-Mar-07,Total hardness
807250,145,Busarakhan,28-Mar-07,Total hardness
787998,97.4,Boonsri,6-Apr-07,Total hardness
789569,95.4,Boonsri,6-Apr-07,Total hardness
791007,93.2,Boonsri,6-Apr-07,Total hardness
801583,134,Chai,12-Apr-07,Total hardness
803123,134,Chai,12-Apr-07,Total hardness
804753,129,Chai,12-Apr-07,Total hardness
813105,95.3,Kannika,12-Apr-07,Total hardness
814193,140,Kannika,12-Apr-07,Total hardness
815327,106,Kannika,12-Apr-07,Total hardness
816391,123,Sakda,12-Apr-07,Total hardness
817480,112,Sakda,12-Apr-07,Total hardness
818619,123,Sakda,12-Apr-07,Total hardness
788064,62.72,Boonsri,19-Apr-07,Total hardness
806165,162,Somchair,20-Apr-07,Total hardness
807320,151,Busarakhan,20-Apr-07,Total hardness
800403,120.9,Kohsoom,21-Apr-07,Total hardness
788131,98.5,Boonsri,10-May-07,Total hardness
789635,91.8,Boonsri,10-May-07,Total hardness
791072,96.3,Boonsri,10-May-07,Total hardness
813166,129,Kannika,10-May-07,Total hardness
814260,117,Kannika,10-May-07,Total hardness
815388,123,Kannika,10-May-07,Total hardness
816452,106,Sakda,10-May-07,Total hardness
817549,100,Sakda,10-May-07,Total hardness
818680,117,Sakda,10-May-07,Total hardness
801691,145,Chai,18-May-07,Total hardness
803248,134,Chai,18-May-07,Total hardness
804861,140,Chai,18-May-07,Total hardness
788197,85.1,Boonsri,24-May-07,Total hardness
789702,98.5,Boonsri,24-May-07,Total hardness
791138,91.8,Boonsri,24-May-07,Total hardness
800448,110,Kohsoom,26-May-07,Total hardness
806235,179,Somchair,26-May-07,Total hardness
807390,179,Busarakhan,26-May-07,Total hardness
788264,89.6,Boonsri,7-Jun-07,Total hardness
789770,98.5,Boonsri,7-Jun-07,Total hardness
791205,96.3,Boonsri,7-Jun-07,Total hardness
816513,106,Sakda,7-Jun-07,Total hardness
817619,100,Sakda,7-Jun-07,Total hardness
818741,106,Sakda,7-Jun-07,Total hardness
813227,106,Kannika,9-Jun-07,Total hardness
814328,106,Kannika,9-Jun-07,Total hardness
815451,112,Kannika,9-Jun-07,Total hardness
788330,108.8,Boonsri,21-Jun-07,Total hardness
789837,96.3,Boonsri,21-Jun-07,Total hardness
791271,94,Boonsri,21-Jun-07,Total hardness
801758,117,Chai,21-Jun-07,Total hardness
803346,117,Chai,21-Jun-07,Total hardness
804933,112,Chai,21-Jun-07,Total hardness
800510,127.6,Kohsoom,23-Jun-07,Total hardness
806299,134,Somchair,23-Jun-07,Total hardness
807454,168,Busarakhan,23-Jun-07,Total hardness
788397,105,Boonsri,5-Jul-07,Total hardness
789905,276,Boonsri,5-Jul-07,Total hardness
791338,301,Boonsri,5-Jul-07,Total hardness
801840,134.6,Chai,7-Jul-07,Total hardness
803445,129,Chai,7-Jul-07,Total hardness
805014,134.6,Chai,7-Jul-07,Total hardness
813285,134.6,Kannika,7-Jul-07,Total hardness
814395,134.6,Kannika,7-Jul-07,Total hardness
815508,129,Kannika,7-Jul-07,Total hardness
816571,125.4,Sakda,7-Jul-07,Total hardness
817684,112.2,Sakda,7-Jul-07,Total hardness
818798,125.4,Sakda,7-Jul-07,Total hardness
788464,98.56,Boonsri,19-Jul-07,Total hardness
789973,96.32,Boonsri,19-Jul-07,Total hardness
791405,94.08,Boonsri,19-Jul-07,Total hardness
800572,118.7,Kohsoom,21-Jul-07,Total hardness
806363,112,Somchair,22-Jul-07,Total hardness
807519,145.9,Busarakhan,22-Jul-07,Total hardness
801936,130,Chai,4-Aug-07,Total hardness
803559,125,Chai,4-Aug-07,Total hardness
805110,130,Chai,4-Aug-07,Total hardness
813341,114.3,Kannika,11-Aug-07,Total hardness
814460,119.8,Kannika,11-Aug-07,Total hardness
815564,114.3,Kannika,11-Aug-07,Total hardness
816627,114.3,Sakda,11-Aug-07,Total hardness
817749,119.8,Sakda,11-Aug-07,Total hardness
818854,119.8,Sakda,11-Aug-07,Total hardness
788526,92.6,Boonsri,23-Aug-07,Total hardness
790036,94.2,Boonsri,23-Aug-07,Total hardness
791467,94.9,Boonsri,23-Aug-07,Total hardness
800635,125.4,Kohsoom,25-Aug-07,Total hardness
806428,98,Somchair,25-Aug-07,Total hardness
807584,103,Busarakhan,25-Aug-07,Total hardness
816682,125.3,Sakda,6-Sep-07,Total hardness
817813,114.4,Sakda,6-Sep-07,Total hardness
818909,114.4,Sakda,6-Sep-07,Total hardness
802017,119.8,Chai,12-Sep-07,Total hardness
803658,114.4,Chai,12-Sep-07,Total hardness
805191,114.4,Chai,12-Sep-07,Total hardness
788594,110.8,Boonsri,20-Sep-07,Total hardness
790105,113.9,Boonsri,20-Sep-07,Total hardness
791535,112,Boonsri,20-Sep-07,Total hardness
800697,118.7,Kohsoom,23-Sep-07,Total hardness
806491,163.3,Somchair,29-Sep-07,Total hardness
807645,141.6,Busarakhan,29-Sep-07,Total hardness
813395,114.4,Kannika,30-Sep-07,Total hardness
814523,114.4,Kannika,30-Sep-07,Total hardness
815618,119.8,Kannika,30-Sep-07,Total hardness
802118,114,Chai,7-Oct-07,Total hardness
803776,114,Chai,7-Oct-07,Total hardness
805292,119.8,Chai,7-Oct-07,Total hardness
813454,147,Kannika,13-Oct-07,Total hardness
814590,147,Kannika,13-Oct-07,Total hardness
815677,141.6,Kannika,13-Oct-07,Total hardness
788661,110.8,Boonsri,25-Oct-07,Total hardness
806559,121,Somchair,26-Oct-07,Total hardness
807713,136,Busarakhan,26-Oct-07,Total hardness
800759,159.6,Kohsoom,27-Oct-07,Total hardness
816796,130,Sakda,10-Nov-07,Total hardness
817943,136,Sakda,10-Nov-07,Total hardness
819023,136,Sakda,10-Nov-07,Total hardness
788705,128.8,Boonsri,15-Nov-07,Total hardness
813510,141,Kannika,21-Nov-07,Total hardness
814654,141,Kannika,21-Nov-07,Total hardness
815734,136,Kannika,21-Nov-07,Total hardness
788732,144.2,Boonsri,22-Nov-07,Total hardness
790191,148.6,Boonsri,22-Nov-07,Total hardness
791602,157.6,Boonsri,22-Nov-07,Total hardness
802214,141,Chai,23-Nov-07,Total hardness
803890,141,Chai,23-Nov-07,Total hardness
805388,141,Chai,23-Nov-07,Total hardness
800821,134.1,Kohsoom,24-Nov-07,Total hardness
806623,141,Somchair,28-Nov-07,Total hardness
807777,141,Busarakhan,28-Nov-07,Total hardness
816856,141,Sakda,8-Dec-07,Total hardness
818011,141,Sakda,8-Dec-07,Total hardness
819083,141,Sakda,8-Dec-07,Total hardness
813567,136,Kannika,13-Dec-07,Total hardness
814719,136,Kannika,13-Dec-07,Total hardness
815791,136,Kannika,13-Dec-07,Total hardness
788800,115.6,Boonsri,20-Dec-07,Total hardness
790259,113.1,Boonsri,20-Dec-07,Total hardness
791669,108.6,Boonsri,20-Dec-07,Total hardness
802317,130,Chai,20-Dec-07,Total hardness
804002,130,Chai,20-Dec-07,Total hardness
805498,130,Chai,20-Dec-07,Total hardness
800866,138.6,Kohsoom,22-Dec-07,Total hardness
806688,141,Somchair,22-Dec-07,Total hardness
807842,136,Busarakhan,22-Dec-07,Total hardness
889090,99.6,Boonsri,10-Jan-08,Total hardness
890741,101.6,Boonsri,10-Jan-08,Total hardness
892176,97.4,Boonsri,10-Jan-08,Total hardness
910468,119.8,Kannika,10-Jan-08,Total hardness
911371,119.8,Kannika,10-Jan-08,Total hardness
912288,119.8,Kannika,10-Jan-08,Total hardness
913194,147,Sakda,12-Jan-08,Total hardness
914149,147,Sakda,12-Jan-08,Total hardness
915114,147,Sakda,12-Jan-08,Total hardness
902180,125,Chai,18-Jan-08,Total hardness
903305,125,Chai,18-Jan-08,Total hardness
904439,125,Chai,18-Jan-08,Total hardness
889129,14.72,Boonsri,24-Jan-08,Total hardness
901073,145,Kohsoom,26-Jan-08,Total hardness
905555,125,Somchair,3-Feb-08,Total hardness
906144,130,Busarakhan,3-Feb-08,Total hardness
889197,147.8,Boonsri,6-Feb-08,Total hardness
902229,119,Chai,15-Feb-08,Total hardness
903354,119,Chai,15-Feb-08,Total hardness
904488,119,Chai,15-Feb-08,Total hardness
889236,89.6,Boonsri,21-Feb-08,Total hardness
890780,132.1,Boonsri,21-Feb-08,Total hardness
892215,129.9,Boonsri,21-Feb-08,Total hardness
901119,134.1,Kohsoom,23-Feb-08,Total hardness
913244,114,Sakda,23-Feb-08,Total hardness
914199,114,Sakda,23-Feb-08,Total hardness
915164,109,Sakda,23-Feb-08,Total hardness
910520,119.8,Kannika,2-Mar-08,Total hardness
911423,125.2,Kannika,2-Mar-08,Total hardness
912340,130.7,Kannika,2-Mar-08,Total hardness
913294,125.2,Sakda,14-Mar-08,Total hardness
914249,119.8,Sakda,14-Mar-08,Total hardness
915214,119.8,Sakda,14-Mar-08,Total hardness
902303,108.9,Chai,17-Mar-08,Total hardness
903428,108.9,Chai,17-Mar-08,Total hardness
904562,108.9,Chai,17-Mar-08,Total hardness
889309,109.7,Boonsri,21-Mar-08,Total hardness
890853,109.7,Boonsri,21-Mar-08,Total hardness
892288,108.6,Boonsri,21-Mar-08,Total hardness
901192,127.6,Kohsoom,23-Mar-08,Total hardness
905599,163.3,Somchair,30-Mar-08,Total hardness
906189,108.9,Busarakhan,30-Mar-08,Total hardness
913332,136.1,Sakda,11-Apr-08,Total hardness
914287,108.9,Sakda,11-Apr-08,Total hardness
915252,119.8,Sakda,11-Apr-08,Total hardness
910560,119.8,Kannika,14-Apr-08,Total hardness
911463,108.9,Kannika,14-Apr-08,Total hardness
912380,108.9,Kannika,14-Apr-08,Total hardness
902363,108.9,Chai,28-Apr-08,Total hardness
903488,108.9,Chai,28-Apr-08,Total hardness
904622,108.9,Chai,28-Apr-08,Total hardness
905633,146,Somchair,3-May-08,Total hardness
906223,136.1,Busarakhan,3-May-08,Total hardness
910613,113.3,Kannika,9-May-08,Total hardness
911516,113.3,Kannika,9-May-08,Total hardness
912433,113.3,Kannika,9-May-08,Total hardness
913385,113.3,Sakda,9-May-08,Total hardness
914340,141.7,Sakda,9-May-08,Total hardness
915305,113.3,Sakda,9-May-08,Total hardness
889381,189.1,Boonsri,16-May-08,Total hardness
890925,183,Boonsri,16-May-08,Total hardness
892360,183,Boonsri,16-May-08,Total hardness
902415,141.6,Chai,18-May-08,Total hardness
903540,118.9,Chai,18-May-08,Total hardness
904674,124.6,Chai,18-May-08,Total hardness
901265,147.8,Kohsoom,26-May-08,Total hardness
905686,147.2,Somchair,30-May-08,Total hardness
906276,136,Busarakhan,30-May-08,Total hardness
902438,114,Chai,31-May-08,Total hardness
903563,118,Chai,31-May-08,Total hardness
904697,118,Chai,31-May-08,Total hardness
902506,106.6,Chai,12-Jun-08,Total hardness
903631,102.1,Chai,12-Jun-08,Total hardness
904765,113.3,Chai,12-Jun-08,Total hardness
913442,104.4,Sakda,13-Jun-08,Total hardness
914397,90.3,Sakda,13-Jun-08,Total hardness
915362,90.3,Sakda,13-Jun-08,Total hardness
910670,115.4,Kannika,15-Jun-08,Total hardness
911573,115.4,Kannika,15-Jun-08,Total hardness
912490,104.4,Kannika,15-Jun-08,Total hardness
889428,97.7,Boonsri,20-Jun-08,Total hardness
890973,97.7,Boonsri,20-Jun-08,Total hardness
892407,95.4,Boonsri,20-Jun-08,Total hardness
905744,142,Somchair,26-Jun-08,Total hardness
906334,131.9,Busarakhan,26-Jun-08,Total hardness
901338,125.2,Kohsoom,29-Jun-08,Total hardness
902569,109.9,Chai,7-Jul-08,Total hardness
903705,104.4,Chai,7-Jul-08,Total hardness
904827,104.4,Chai,7-Jul-08,Total hardness
889502,92.4,Boonsri,11-Jul-08,Total hardness
891047,94.64,Boonsri,11-Jul-08,Total hardness
892481,94.64,Boonsri,11-Jul-08,Total hardness
913487,104.4,Sakda,11-Jul-08,Total hardness
914452,104.4,Sakda,11-Jul-08,Total hardness
915406,104.4,Sakda,11-Jul-08,Total hardness
905799,131.9,Somchair,12-Jul-08,Total hardness
906389,126.5,Busarakhan,12-Jul-08,Total hardness
910709,93.5,Kannika,12-Jul-08,Total hardness
911626,98.9,Kannika,12-Jul-08,Total hardness
912532,98.9,Kannika,12-Jul-08,Total hardness
889572,107.2,Boonsri,25-Jul-08,Total hardness
891117,109.4,Boonsri,25-Jul-08,Total hardness
892551,109.4,Boonsri,25-Jul-08,Total hardness
901408,143.08,Kohsoom,27-Jul-08,Total hardness
889644,99.96,Boonsri,3-Aug-08,Total hardness
891189,97.44,Boonsri,3-Aug-08,Total hardness
892623,99.96,Boonsri,3-Aug-08,Total hardness
910749,132,Kannika,8-Aug-08,Total hardness
911666,121,Kannika,8-Aug-08,Total hardness
912572,121,Kannika,8-Aug-08,Total hardness
913527,109.9,Sakda,8-Aug-08,Total hardness
914492,121,Sakda,8-Aug-08,Total hardness
915446,115.5,Sakda,8-Aug-08,Total hardness
889683,104.16,Boonsri,10-Aug-08,Total hardness
891228,104.16,Boonsri,10-Aug-08,Total hardness
892662,106.68,Boonsri,10-Aug-08,Total hardness
905839,132,Somchair,11-Aug-08,Total hardness
906430,126.5,Busarakhan,11-Aug-08,Total hardness
889722,96.88,Boonsri,22-Aug-08,Total hardness
891267,96.88,Boonsri,22-Aug-08,Total hardness
892701,99.4,Boonsri,22-Aug-08,Total hardness
902627,132,Chai,23-Aug-08,Total hardness
903763,132,Chai,23-Aug-08,Total hardness
904885,115.5,Chai,23-Aug-08,Total hardness
889791,97.1,Boonsri,28-Aug-08,Total hardness
891336,111.4,Boonsri,28-Aug-08,Total hardness
892770,109.2,Boonsri,28-Aug-08,Total hardness
901482,139.72,Kohsoom,31-Aug-08,Total hardness
889835,101.92,Boonsri,5-Sep-08,Total hardness
891380,111.44,Boonsri,5-Sep-08,Total hardness
892814,109.2,Boonsri,5-Sep-08,Total hardness
913567,104.5,Sakda,6-Sep-08,Total hardness
914532,115.5,Sakda,6-Sep-08,Total hardness
915486,104.5,Sakda,6-Sep-08,Total hardness
910789,104.5,Kannika,7-Sep-08,Total hardness
911706,93.5,Kannika,7-Sep-08,Total hardness
912612,109.9,Kannika,7-Sep-08,Total hardness
902686,126.5,Chai,11-Sep-08,Total hardness
903822,121,Chai,11-Sep-08,Total hardness
904944,109.9,Chai,11-Sep-08,Total hardness
889876,120.96,Boonsri,13-Sep-08,Total hardness
891421,113.68,Boonsri,13-Sep-08,Total hardness
889914,104.16,Boonsri,18-Sep-08,Total hardness
905881,165,Somchair,21-Sep-08,Total hardness
906471,192.5,Busarakhan,21-Sep-08,Total hardness
889956,109.2,Boonsri,26-Sep-08,Total hardness
901540,139.72,Kohsoom,28-Sep-08,Total hardness
890024,104.16,Boonsri,3-Oct-08,Total hardness
891459,113.68,Boonsri,3-Oct-08,Total hardness
892855,111.44,Boonsri,3-Oct-08,Total hardness
890063,104.16,Boonsri,10-Oct-08,Total hardness
891498,109.2,Boonsri,10-Oct-08,Total hardness
892894,106.68,Boonsri,10-Oct-08,Total hardness
910842,134.6,Kannika,12-Oct-08,Total hardness
911759,117.8,Kannika,12-Oct-08,Total hardness
912665,145.9,Kannika,12-Oct-08,Total hardness
913620,134.6,Sakda,12-Oct-08,Total hardness
914585,117.8,Sakda,12-Oct-08,Total hardness
915539,112.2,Sakda,12-Oct-08,Total hardness
890102,114.8,Boonsri,17-Oct-08,Total hardness
891537,124.04,Boonsri,17-Oct-08,Total hardness
892933,124.04,Boonsri,17-Oct-08,Total hardness
902759,123.4,Chai,17-Oct-08,Total hardness
903895,134.6,Chai,17-Oct-08,Total hardness
905017,117.8,Chai,17-Oct-08,Total hardness
905934,123.4,Somchair,19-Oct-08,Total hardness
906525,117.8,Busarakhan,19-Oct-08,Total hardness
890146,126.56,Boonsri,24-Oct-08,Total hardness
891581,124.04,Boonsri,24-Oct-08,Total hardness
892977,119.56,Boonsri,24-Oct-08,Total hardness
901611,131.04,Kohsoom,26-Oct-08,Total hardness
890215,105,Boonsri,1-Nov-08,Total hardness
891650,107.52,Boonsri,1-Nov-08,Total hardness
893046,107.52,Boonsri,1-Nov-08,Total hardness
910896,134.6,Kannika,7-Nov-08,Total hardness
911813,139,Kannika,7-Nov-08,Total hardness
912719,123.4,Kannika,7-Nov-08,Total hardness
913674,129,Sakda,7-Nov-08,Total hardness
914639,134,Sakda,7-Nov-08,Total hardness
915593,129,Sakda,7-Nov-08,Total hardness
902830,123,Chai,15-Nov-08,Total hardness
903966,129,Chai,15-Nov-08,Total hardness
905088,129,Chai,15-Nov-08,Total hardness
905988,151.4,Somchair,17-Nov-08,Total hardness
906579,134,Busarakhan,17-Nov-08,Total hardness
901685,161.84,Kohsoom,27-Nov-08,Total hardness
890254,120.4,Boonsri,28-Nov-08,Total hardness
891689,115.64,Boonsri,28-Nov-08,Total hardness
893085,117.88,Boonsri,28-Nov-08,Total hardness
906043,129,Somchair,5-Dec-08,Total hardness
906634,106.5,Busarakhan,5-Dec-08,Total hardness
890328,115.64,Boonsri,12-Dec-08,Total hardness
891763,124.88,Boonsri,12-Dec-08,Total hardness
893159,129.64,Boonsri,12-Dec-08,Total hardness
910951,129,Kannika,12-Dec-08,Total hardness
911868,134.6,Kannika,12-Dec-08,Total hardness
912774,129,Kannika,12-Dec-08,Total hardness
913729,140.3,Sakda,12-Dec-08,Total hardness
914694,134.6,Sakda,12-Dec-08,Total hardness
915648,140.3,Sakda,12-Dec-08,Total hardness
906090,123.4,Somchair,15-Dec-08,Total hardness
906684,117.8,Busarakhan,15-Dec-08,Total hardness
901759,157.36,Kohsoom,19-Dec-08,Total hardness
1020256,123.4,Kannika,9-Jan-09,Total hardness
1021351,117.8,Kannika,9-Jan-09,Total hardness
1022507,129,Kannika,9-Jan-09,Total hardness
1023664,134.6,Sakda,9-Jan-09,Total hardness
1024785,129,Sakda,9-Jan-09,Total hardness
1025906,134.6,Sakda,9-Jan-09,Total hardness
990648,113.12,Boonsri,11-Jan-09,Total hardness
992084,117.88,Boonsri,11-Jan-09,Total hardness
993455,120.4,Boonsri,11-Jan-09,Total hardness
1005488,117.8,Chai,11-Jan-09,Total hardness
1006876,123.4,Chai,11-Jan-09,Total hardness
1008238,117.8,Chai,11-Jan-09,Total hardness
1009261,140.2,Somchair,24-Jan-09,Total hardness
1010037,168.3,Busarakhan,24-Jan-09,Total hardness
990680,96.6,Boonsri,29-Jan-09,Total hardness
1004349,195.16,Kohsoom,29-Jan-09,Total hardness
1005559,117.8,Chai,8-Feb-09,Total hardness
1006947,123.4,Chai,8-Feb-09,Total hardness
1008309,116,Chai,8-Feb-09,Total hardness
1020310,123.4,Kannika,13-Feb-09,Total hardness
1021405,123.4,Kannika,13-Feb-09,Total hardness
1022561,123.4,Kannika,13-Feb-09,Total hardness
1023718,129,Sakda,13-Feb-09,Total hardness
1024839,129,Sakda,13-Feb-09,Total hardness
1025960,123.4,Sakda,13-Feb-09,Total hardness
990748,96.6,Boonsri,14-Feb-09,Total hardness
992119,94.36,Boonsri,14-Feb-09,Total hardness
993487,91.84,Boonsri,14-Feb-09,Total hardness
1009314,140.2,Somchair,14-Feb-09,Total hardness
1010090,162.6,Busarakhan,14-Feb-09,Total hardness
1004397,150.64,Kohsoom,26-Feb-09,Total hardness
990782,103.88,Boonsri,27-Feb-09,Total hardness
992153,103.88,Boonsri,27-Feb-09,Total hardness
993521,106.12,Boonsri,27-Feb-09,Total hardness
990851,106.12,Boonsri,6-Mar-09,Total hardness
992222,103.88,Boonsri,6-Mar-09,Total hardness
993590,113.12,Boonsri,6-Mar-09,Total hardness
990882,99.12,Boonsri,19-Mar-09,Total hardness
992253,94.36,Boonsri,19-Mar-09,Total hardness
993621,96.6,Boonsri,19-Mar-09,Total hardness
1004461,123.76,Kohsoom,29-Mar-09,Total hardness
990955,118.1,Boonsri,12-Apr-09,Total hardness
992326,113.3,Boonsri,12-Apr-09,Total hardness
993694,113.3,Boonsri,12-Apr-09,Total hardness
990985,108.6,Boonsri,23-Apr-09,Total hardness
992356,113.3,Boonsri,23-Apr-09,Total hardness
993724,103.9,Boonsri,23-Apr-09,Total hardness
1004518,150.64,Kohsoom,24-Apr-09,Total hardness
991055,101.5,Boonsri,4-May-09,Total hardness
992426,108.5,Boonsri,4-May-09,Total hardness
993794,106.2,Boonsri,4-May-09,Total hardness
991085,101.5,Boonsri,21-May-09,Total hardness
992456,108.6,Boonsri,21-May-09,Total hardness
993823,106.2,Boonsri,21-May-09,Total hardness
1004576,125.72,Kohsoom,28-May-09,Total hardness
991154,90.9,Boonsri,12-Jun-09,Total hardness
992525,93.2,Boonsri,12-Jun-09,Total hardness
993892,93.2,Boonsri,12-Jun-09,Total hardness
1020552,122.9,Kannika,12-Jun-09,Total hardness
1021646,133.6,Kannika,12-Jun-09,Total hardness
1022803,122.9,Kannika,12-Jun-09,Total hardness
1023960,122.9,Sakda,12-Jun-09,Total hardness
1025081,128.2,Sakda,12-Jun-09,Total hardness
1026202,117.5,Sakda,12-Jun-09,Total hardness
1005873,128.2,Chai,14-Jun-09,Total hardness
1007261,122.9,Chai,14-Jun-09,Total hardness
1008623,117.5,Chai,14-Jun-09,Total hardness
991186,95.6,Boonsri,25-Jun-09,Total hardness
992557,98,Boonsri,25-Jun-09,Total hardness
993924,99.2,Boonsri,25-Jun-09,Total hardness
1004649,110.32,Kohsoom,25-Jun-09,Total hardness
1009557,144.2,Somchair,28-Jun-09,Total hardness
1010333,133.5,Busarakhan,28-Jun-09,Total hardness
1005956,128.2,Chai,9-Jul-09,Total hardness
1007344,112.2,Chai,9-Jul-09,Total hardness
1008706,122.9,Chai,9-Jul-09,Total hardness
1020617,128.2,Kannika,11-Jul-09,Total hardness
1021711,138.9,Kannika,11-Jul-09,Total hardness
1022868,122.9,Kannika,11-Jul-09,Total hardness
1024025,117.5,Sakda,11-Jul-09,Total hardness
1025146,122.9,Sakda,11-Jul-09,Total hardness
1026267,133.6,Sakda,11-Jul-09,Total hardness
991256,93.2,Boonsri,12-Jul-09,Total hardness
992627,95.6,Boonsri,12-Jul-09,Total hardness
993994,98,Boonsri,12-Jul-09,Total hardness
991291,90.9,Boonsri,23-Jul-09,Total hardness
992662,93.7,Boonsri,23-Jul-09,Total hardness
994029,93.7,Boonsri,23-Jul-09,Total hardness
1009622,128.2,Somchair,26-Jul-09,Total hardness
1010398,122.9,Busarakhan,26-Jul-09,Total hardness
1004722,129.64,Kohsoom,30-Jul-09,Total hardness
1020682,117.5,Kannika,8-Aug-09,Total hardness
1021776,95.9,Kannika,8-Aug-09,Total hardness
1022933,112.2,Kannika,8-Aug-09,Total hardness
1024088,122.8,Sakda,8-Aug-09,Total hardness
1025209,117.5,Sakda,8-Aug-09,Total hardness
1026330,122.9,Sakda,8-Aug-09,Total hardness
1004796,94.08,Kohsoom,20-Aug-09,Total hardness
991361,105.6,Boonsri,21-Aug-09,Total hardness
992732,108,Boonsri,21-Aug-09,Total hardness
994099,105.6,Boonsri,21-Aug-09,Total hardness
1006037,137.4,Chai,23-Aug-09,Total hardness
1007425,120.2,Chai,23-Aug-09,Total hardness
1008787,131.7,Chai,23-Aug-09,Total hardness
1009680,91.6,Somchair,28-Aug-09,Total hardness
1010456,103,Busarakhan,28-Aug-09,Total hardness
1024152,103,Sakda,7-Sep-09,Total hardness
1025273,103,Sakda,7-Sep-09,Total hardness
1026394,108.8,Sakda,7-Sep-09,Total hardness
991435,98.6,Boonsri,9-Sep-09,Total hardness
992806,103.3,Boonsri,9-Sep-09,Total hardness
994173,101,Boonsri,9-Sep-09,Total hardness
1020747,103,Kannika,9-Sep-09,Total hardness
1021841,108.8,Kannika,9-Sep-09,Total hardness
1022998,120.2,Kannika,9-Sep-09,Total hardness
1006119,120.2,Chai,22-Sep-09,Total hardness
1007507,131.7,Chai,22-Sep-09,Total hardness
1008869,114.5,Chai,22-Sep-09,Total hardness
1009745,114.4,Somchair,24-Sep-09,Total hardness
1010521,108.8,Busarakhan,24-Sep-09,Total hardness
1021906,103,Kannika,27-Sep-09,Total hardness
1023063,103,Kannika,27-Sep-09,Total hardness
1024214,103,Sakda,28-Sep-09,Total hardness
1025335,114.5,Sakda,28-Sep-09,Total hardness
1026456,108.8,Sakda,28-Sep-09,Total hardness
1024246,103,Sakda,8-Oct-09,Total hardness
1025367,108.7,Sakda,8-Oct-09,Total hardness
1026515,103,Sakda,8-Oct-09,Total hardness
1020813,108.7,Kannika,10-Oct-09,Total hardness
1021942,114.5,Kannika,10-Oct-09,Total hardness
1023126,108.7,Kannika,10-Oct-09,Total hardness
1006223,114.5,Chai,19-Oct-09,Total hardness
1007585,114.5,Chai,19-Oct-09,Total hardness
1008973,114.5,Chai,19-Oct-09,Total hardness
991508,110.4,Boonsri,22-Oct-09,Total hardness
992879,115.1,Boonsri,22-Oct-09,Total hardness
994246,117.4,Boonsri,22-Oct-09,Total hardness
1004937,113.96,Kohsoom,29-Oct-09,Total hardness
1009835,122.9,Somchair,30-Oct-09,Total hardness
1010583,112.2,Busarakhan,30-Oct-09,Total hardness
991579,117.32,Boonsri,7-Nov-09,Total hardness
992950,112.56,Boonsri,7-Nov-09,Total hardness
994317,117.32,Boonsri,7-Nov-09,Total hardness
1005009,102.2,Kohsoom,26-Nov-09,Total hardness
1005081,136.36,Kohsoom,10-Dec-09,Total hardness
991649,100.8,Boonsri,13-Dec-09,Total hardness
993020,105.56,Boonsri,13-Dec-09,Total hardness
994387,107.8,Boonsri,13-Dec-09,Total hardness
1324565,122.36,Boonsri,28-Jan-10,Total hardness
1354569,140,Kohsoom,28-Jan-10,Total hardness
1324614,110.88,Boonsri,18-Feb-10,Total hardness
1325348,110.88,Boonsri,18-Feb-10,Total hardness
1326018,108.64,Boonsri,18-Feb-10,Total hardness
1354626,130.2,Kohsoom,18-Feb-10,Total hardness
1354683,111.44,Kohsoom,24-Mar-10,Total hardness
1324663,97.16,Boonsri,25-Mar-10,Total hardness
1325397,104.16,Boonsri,25-Mar-10,Total hardness
1326067,104.16,Boonsri,25-Mar-10,Total hardness
1354740,100.24,Kohsoom,21-Apr-10,Total hardness
1324710,91,Boonsri,22-Apr-10,Total hardness
1325444,95.48,Boonsri,22-Apr-10,Total hardness
1326114,95.48,Boonsri,22-Apr-10,Total hardness
1324769,91,Boonsri,19-May-10,Total hardness
1325503,93.24,Boonsri,19-May-10,Total hardness
1326173,93.24,Boonsri,19-May-10,Total hardness
1354798,105.28,Kohsoom,26-May-10,Total hardness
1324823,94.08,Boonsri,23-Jun-10,Total hardness
1325557,89.6,Boonsri,23-Jun-10,Total hardness
1326227,94.08,Boonsri,23-Jun-10,Total hardness
1354852,94.36,Kohsoom,23-Jun-10,Total hardness
1324881,94.08,Boonsri,24-Jul-10,Total hardness
1325615,91.84,Boonsri,24-Jul-10,Total hardness
1326285,94.08,Boonsri,24-Jul-10,Total hardness
1354910,98,Kohsoom,28-Jul-10,Total hardness
1324938,96.32,Boonsri,18-Aug-10,Total hardness
1325672,89.6,Boonsri,18-Aug-10,Total hardness
1326342,103.04,Boonsri,18-Aug-10,Total hardness
1354969,98.84,Kohsoom,26-Aug-10,Total hardness
1325012,100.8,Boonsri,25-Sep-10,Total hardness
1325746,100.8,Boonsri,25-Sep-10,Total hardness
1326416,100.8,Boonsri,25-Sep-10,Total hardness
1355027,116.76,Kohsoom,29-Sep-10,Total hardness
1355086,123.48,Kohsoom,20-Oct-10,Total hardness
1325121,126,Boonsri,21-Oct-10,Total hardness
1325855,117.32,Boonsri,21-Oct-10,Total hardness
1326525,121.8,Boonsri,21-Oct-10,Total hardness
1325211,123.76,Boonsri,18-Nov-10,Total hardness
1325936,112.56,Boonsri,18-Nov-10,Total hardness
1326606,110.32,Boonsri,18-Nov-10,Total hardness
1355143,119.28,Kohsoom,24-Nov-10,Total hardness
1355195,129.64,Kohsoom,15-Dec-10,Total hardness
1325303,105.84,Boonsri,16-Dec-10,Total hardness
1613295,3.62,Boonsri,20-Jan-11,Total hardness
1614266,3.78,Boonsri,20-Jan-11,Total hardness
1615109,3.78,Boonsri,20-Jan-11,Total hardness
1643314,4.96,Kohsoom,26-Jan-11,Total hardness
1613380,3.78,Boonsri,17-Feb-11,Total hardness
1614351,3.86,Boonsri,17-Feb-11,Total hardness
1615194,4.01,Boonsri,17-Feb-11,Total hardness
1643364,4.48,Kohsoom,25-Feb-11,Total hardness
1613465,4.67,Boonsri,19-Mar-11,Total hardness
1614436,4.83,Boonsri,19-Mar-11,Total hardness
1615279,4.91,Boonsri,19-Mar-11,Total hardness
1643412,4.68,Kohsoom,30-Mar-11,Total hardness
1613551,3.2,Boonsri,23-Apr-11,Total hardness
1643460,3.71,Kohsoom,27-Apr-11,Total hardness
1613630,3.64,Boonsri,18-May-11,Total hardness
1643510,5.09,Kohsoom,18-May-11,Total hardness
1613707,3.07,Boonsri,23-Jun-11,Total hardness
1614596,3.31,Boonsri,23-Jun-11,Total hardness
1615439,3.23,Boonsri,23-Jun-11,Total hardness
1643559,4.46,Kohsoom,30-Jun-11,Total hardness
1643610,3.46,Kohsoom,13-Jul-11,Total hardness
1613783,3.06,Boonsri,20-Jul-11,Total hardness
1614672,3.06,Boonsri,20-Jul-11,Total hardness
1615515,3.06,Boonsri,20-Jul-11,Total hardness
1613862,3.54,Boonsri,18-Aug-11,Total hardness
1614751,3.7,Boonsri,18-Aug-11,Total hardness
1615594,3.46,Boonsri,18-Aug-11,Total hardness
1643661,3.85,Kohsoom,31-Aug-11,Total hardness
1613952,3.54,Boonsri,28-Sep-11,Total hardness
1614841,3.78,Boonsri,28-Sep-11,Total hardness
1615684,3.94,Boonsri,28-Sep-11,Total hardness
1643713,3.81,Kohsoom,28-Sep-11,Total hardness
1614029,3.71,Boonsri,26-Oct-11,Total hardness
1643764,3.88,Kohsoom,26-Oct-11,Total hardness
1643815,3.68,Kohsoom,23-Nov-11,Total hardness
1614109,4,Boonsri,26-Nov-11,Total hardness
1614952,3.92,Boonsri,26-Nov-11,Total hardness
1615795,4.25,Boonsri,26-Nov-11,Total hardness
1643863,3.76,Kohsoom,7-Dec-11,Total hardness
1614172,4.41,Boonsri,14-Dec-11,Total hardness
1615015,4.33,Boonsri,14-Dec-11,Total hardness
1615858,4.41,Boonsri,14-Dec-11,Total hardness
2221366,4.01,Kohsoom,25-Jan-12,Total hardness
1962880,5.45,Boonsri,26-Jan-12,Total hardness
1962950,4.32,Boonsri,15-Feb-12,Total hardness
1963849,4.72,Boonsri,15-Feb-12,Total hardness
1964683,4.56,Boonsri,15-Feb-12,Total hardness
2221416,4.39,Kohsoom,23-Feb-12,Total hardness
1963037,3.86,Boonsri,24-Mar-12,Total hardness
1963936,4.02,Boonsri,24-Mar-12,Total hardness
1964770,3.94,Boonsri,24-Mar-12,Total hardness
2221467,3.92,Kohsoom,29-Mar-12,Total hardness
1963109,3.94,Boonsri,15-Apr-12,Total hardness
1964008,3.46,Boonsri,15-Apr-12,Total hardness
1964842,3.7,Boonsri,15-Apr-12,Total hardness
2221521,4.2,Kohsoom,27-Apr-12,Total hardness
1963176,4.46,Boonsri,10-May-12,Total hardness
1963212,3.9,Boonsri,25-May-12,Total hardness
1964090,3.42,Boonsri,25-May-12,Total hardness
1964924,3.74,Boonsri,25-May-12,Total hardness
2221573,3.8,Kohsoom,25-May-12,Total hardness
1963276,3.18,Boonsri,17-Jun-12,Total hardness
1964154,3.26,Boonsri,17-Jun-12,Total hardness
1964988,3.34,Boonsri,17-Jun-12,Total hardness
2221626,3.72,Kohsoom,21-Jun-12,Total hardness
1963352,4.1,Boonsri,20-Jul-12,Total hardness
1964230,3.94,Boonsri,20-Jul-12,Total hardness
1965064,4.02,Boonsri,20-Jul-12,Total hardness
2221679,4.4,Kohsoom,26-Jul-12,Total hardness
1963435,4.6,Boonsri,23-Aug-12,Total hardness
1964313,4.68,Boonsri,23-Aug-12,Total hardness
1965147,4.84,Boonsri,23-Aug-12,Total hardness
2221732,4,Kohsoom,23-Aug-12,Total hardness
1963515,4.2,Boonsri,23-Sep-12,Total hardness
1964393,4.12,Boonsri,23-Sep-12,Total hardness
1965227,4.04,Boonsri,23-Sep-12,Total hardness
2221788,4.3,Kohsoom,25-Oct-12,Total hardness
1963600,4.46,Boonsri,29-Oct-12,Total hardness
1964478,4.7,Boonsri,29-Oct-12,Total hardness
1965311,4.62,Boonsri,29-Oct-12,Total hardness
1963667,4.46,Boonsri,17-Nov-12,Total hardness
1964545,4.38,Boonsri,17-Nov-12,Total hardness
1965378,4.49,Boonsri,17-Nov-12,Total hardness
2221838,4.4,Kohsoom,24-Nov-12,Total hardness
2218113,11.6,Kannika,9-Dec-12,Total hardness
2218524,11.07,Kannika,9-Dec-12,Total hardness
2218927,11.6,Kannika,9-Dec-12,Total hardness
2219327,11.07,Sakda,9-Dec-12,Total hardness
2219737,11.61,Sakda,9-Dec-12,Total hardness
2220139,11.6,Sakda,9-Dec-12,Total hardness
1963741,4.61,Boonsri,13-Dec-12,Total hardness
2221889,4.1,Kohsoom,15-Dec-12,Total hardness
2575924,312.3,Tansanee,6-Jan-14,Total hardness
2622809,239.9,Kannika,11-Jan-14,Total hardness
2623310,248.1,Kannika,11-Jan-14,Total hardness
2623812,260.6,Kannika,11-Jan-14,Total hardness
2567145,152.7,Achara,16-Jan-14,Total hardness
2624316,233.7,Sakda,17-Jan-14,Total hardness
2624813,231.7,Sakda,17-Jan-14,Total hardness
2625310,235.8,Sakda,17-Jan-14,Total hardness
2561102,190.95,Boonsri,23-Jan-14,Total hardness
2562414,183.11,Boonsri,23-Jan-14,Total hardness
2563509,179.01,Boonsri,23-Jan-14,Total hardness
2627308,320.62,Kohsoom,23-Jan-14,Total hardness
2565591,222,Busarakhan,24-Jan-14,Total hardness
2566614,162.856,Decha,16-Feb-14,Total hardness
2561187,195.06,Boonsri,24-Feb-14,Total hardness
2562499,187.03,Boonsri,24-Feb-14,Total hardness
2563594,198.98,Boonsri,24-Feb-14,Total hardness
2627354,284.753,Kohsoom,28-Feb-14,Total hardness
2565674,209,Busarakhan,12-Mar-14,Total hardness
2622855,205.6,Kannika,13-Mar-14,Total hardness
2623356,201.7,Kannika,13-Mar-14,Total hardness
2623858,199.7,Kannika,13-Mar-14,Total hardness
2624355,209.7,Sakda,13-Mar-14,Total hardness
2624852,203.6,Sakda,13-Mar-14,Total hardness
2625349,205.6,Sakda,13-Mar-14,Total hardness
2561256,179.01,Boonsri,15-Mar-14,Total hardness
2561306,202.9,Boonsri,20-Mar-14,Total hardness
2562573,195.06,Boonsri,20-Mar-14,Total hardness
2563668,190.95,Boonsri,20-Mar-14,Total hardness
2565736,262,Busarakhan,21-Mar-14,Total hardness
2627400,362.283,Kohsoom,26-Mar-14,Total hardness
2575962,226.43,Tansanee,28-Mar-14,Total hardness
2622889,193.7,Kannika,3-Apr-14,Total hardness
2623390,187.6,Kannika,3-Apr-14,Total hardness
2623892,191.7,Kannika,3-Apr-14,Total hardness
2624389,197.7,Sakda,3-Apr-14,Total hardness
2624886,189.7,Sakda,3-Apr-14,Total hardness
2625383,191.7,Sakda,3-Apr-14,Total hardness
2565785,242,Busarakhan,6-Apr-14,Total hardness
2561362,173.66,Boonsri,11-Apr-14,Total hardness
2562629,169.56,Boonsri,11-Apr-14,Total hardness
2563724,161.44,Boonsri,11-Apr-14,Total hardness
2567248,144.4,Achara,18-Apr-14,Total hardness
2566693,195,Decha,19-Apr-14,Total hardness
2561405,173.56,Boonsri,23-Apr-14,Total hardness
2562672,165.54,Boonsri,23-Apr-14,Total hardness
2563767,161.44,Boonsri,23-Apr-14,Total hardness
2627446,326.9,Kohsoom,23-Apr-14,Total hardness
2565863,280,Busarakhan,2-May-14,Total hardness
2622919,178.5,Kannika,8-May-14,Total hardness
2623420,168.6,Kannika,8-May-14,Total hardness
2623922,172.5,Kannika,8-May-14,Total hardness
2624419,184.6,Sakda,8-May-14,Total hardness
2624916,172.5,Sakda,8-May-14,Total hardness
2625413,176.6,Sakda,8-May-14,Total hardness
2561476,181.68,Boonsri,16-May-14,Total hardness
2562742,176.77,Boonsri,16-May-14,Total hardness
2563838,173.56,Boonsri,16-May-14,Total hardness
2561515,181.58,Boonsri,22-May-14,Total hardness
2627492,236.799,Kohsoom,28-May-14,Total hardness
2565965,219,Busarakhan,5-Jun-14,Total hardness
2622956,171.77,Kannika,12-Jun-14,Total hardness
2623458,163.76,Kannika,12-Jun-14,Total hardness
2623960,167.7,Kannika,12-Jun-14,Total hardness
2578201,206.48,Chai,13-Jun-14,Total hardness
2579196,168.032,Chai,13-Jun-14,Total hardness
2580191,177.82,Chai,13-Jun-14,Total hardness
2561586,193.7,Boonsri,14-Jun-14,Total hardness
2562802,181.58,Boonsri,14-Jun-14,Total hardness
2563896,185.68,Boonsri,14-Jun-14,Total hardness
2624457,171.6,Sakda,19-Jun-14,Total hardness
2624954,167.7,Sakda,19-Jun-14,Total hardness
2625451,169.63,Sakda,19-Jun-14,Total hardness
2567322,78.2,Achara,20-Jun-14,Total hardness
2580235,206.48,Chai,20-Jun-14,Total hardness
2561623,181.58,Boonsri,21-Jun-14,Total hardness
2562839,190.13,Boonsri,21-Jun-14,Total hardness
2563933,177.66,Boonsri,21-Jun-14,Total hardness
2566769,205.71,Decha,21-Jun-14,Total hardness
2627539,245.8,Kohsoom,25-Jun-14,Total hardness
2576008,176.503,Tansanee,27-Jun-14,Total hardness
2624495,144.54,Sakda,4-Jul-14,Total hardness
2624992,142.4,Sakda,4-Jul-14,Total hardness
2625489,148.45,Sakda,4-Jul-14,Total hardness
2623005,156.46,Kannika,10-Jul-14,Total hardness
2623508,146.5,Kannika,10-Jul-14,Total hardness
2624010,152.5,Kannika,10-Jul-14,Total hardness
2566052,160,Busarakhan,12-Jul-14,Total hardness
2561697,145.31,Boonsri,16-Jul-14,Total hardness
2562912,161.53,Boonsri,16-Jul-14,Total hardness
2564007,161.53,Boonsri,16-Jul-14,Total hardness
2561738,170.98,Boonsri,23-Jul-14,Total hardness
2562953,159.04,Boonsri,23-Jul-14,Total hardness
2564048,178,Boonsri,23-Jul-14,Total hardness
2627585,210.488,Kohsoom,23-Jul-14,Total hardness
2561792,127.3,Boonsri,1-Aug-14,Total hardness
2563007,134.57,Boonsri,1-Aug-14,Total hardness
2564102,139.25,Boonsri,1-Aug-14,Total hardness
2566117,220,Busarakhan,9-Aug-14,Total hardness
2623045,147.74,Kannika,14-Aug-14,Total hardness
2623547,131.72,Kannika,14-Aug-14,Total hardness
2624050,141.7,Kannika,14-Aug-14,Total hardness
2567395,126.5,Achara,16-Aug-14,Total hardness
2624534,151.65,Sakda,22-Aug-14,Total hardness
2625031,141.7,Sakda,22-Aug-14,Total hardness
2625528,147.7,Sakda,22-Aug-14,Total hardness
2561848,163.14,Boonsri,27-Aug-14,Total hardness
2563063,155.12,Boonsri,27-Aug-14,Total hardness
2564158,163.14,Boonsri,27-Aug-14,Total hardness
2627631,230.042,Kohsoom,27-Aug-14,Total hardness
2566202,150,Busarakhan,3-Sep-14,Total hardness
2576057,159.696,Tansanee,3-Sep-14,Total hardness
2623080,140.44,Kannika,6-Sep-14,Total hardness
2623582,134.39,Kannika,6-Sep-14,Total hardness
2624085,140.4,Kannika,6-Sep-14,Total hardness
2624581,240.83,Sakda,6-Sep-14,Total hardness
2625078,230.9,Sakda,6-Sep-14,Total hardness
2625575,240.8,Sakda,6-Sep-14,Total hardness
2561911,159.22,Boonsri,10-Sep-14,Total hardness
2623127,144.53,Kannika,11-Sep-14,Total hardness
2623628,142.4,Kannika,11-Sep-14,Total hardness
2624132,144.54,Kannika,11-Sep-14,Total hardness
2624628,216.8,Sakda,12-Sep-14,Total hardness
2625125,216.8,Sakda,12-Sep-14,Total hardness
2625622,220.72,Sakda,12-Sep-14,Total hardness
2576085,181.425,Tansanee,14-Sep-14,Total hardness
2561947,159.22,Boonsri,17-Sep-14,Total hardness
2563133,155.12,Boonsri,17-Sep-14,Total hardness
2564228,159.22,Boonsri,17-Sep-14,Total hardness
2566935,176.61,Decha,20-Sep-14,Total hardness
2627677,208.821,Kohsoom,24-Sep-14,Total hardness
2623172,170.5,Kannika,9-Oct-14,Total hardness
2623674,169,Kannika,9-Oct-14,Total hardness
2624178,174.6,Kannika,9-Oct-14,Total hardness
2566310,190,Busarakhan,10-Oct-14,Total hardness
2562022,154.41,Boonsri,11-Oct-14,Total hardness
2624672,224,Sakda,15-Oct-14,Total hardness
2625169,209,Sakda,15-Oct-14,Total hardness
2625666,225,Sakda,15-Oct-14,Total hardness
2567469,134.8,Achara,17-Oct-14,Total hardness
2576120,232.056,Tansanee,17-Oct-14,Total hardness
2566992,326.07,Decha,18-Oct-14,Total hardness
2562062,182.04,Boonsri,23-Oct-14,Total hardness
2563218,162.25,Boonsri,23-Oct-14,Total hardness
2564313,170.27,Boonsri,23-Oct-14,Total hardness
2576155,213.069,Tansanee,25-Oct-14,Total hardness
2627724,255.985,Kohsoom,29-Oct-14,Total hardness
2562119,158.33,Boonsri,31-Oct-14,Total hardness
2563275,154.4,Boonsri,31-Oct-14,Total hardness
2564370,154.4,Boonsri,31-Oct-14,Total hardness
2566388,206,Busarakhan,2-Nov-14,Total hardness
2623219,187,Kannika,6-Nov-14,Total hardness
2623721,182.8,Kannika,6-Nov-14,Total hardness
2624225,180.8,Kannika,6-Nov-14,Total hardness
2624721,183,Sakda,6-Nov-14,Total hardness
2625218,181,Sakda,6-Nov-14,Total hardness
2625715,181,Sakda,6-Nov-14,Total hardness
2576188,238.385,Tansanee,7-Nov-14,Total hardness
2562159,174.19,Boonsri,12-Nov-14,Total hardness
2563315,166.35,Boonsri,12-Nov-14,Total hardness
2564409,162.25,Boonsri,12-Nov-14,Total hardness
2562194,154.4,Boonsri,19-Nov-14,Total hardness
2567046,307.85,Decha,20-Nov-14,Total hardness
2576219,257.371,Tansanee,22-Nov-14,Total hardness
2627768,263.984,Kohsoom,26-Nov-14,Total hardness
2562236,158.33,Boonsri,27-Nov-14,Total hardness
2563358,150.48,Boonsri,27-Nov-14,Total hardness
2564452,154.4,Boonsri,27-Nov-14,Total hardness
2576250,245.065,Tansanee,3-Dec-14,Total hardness
2562289,182.04,Boonsri,5-Dec-14,Total hardness
2566488,239,Busarakhan,6-Dec-14,Total hardness
2576280,220.101,Tansanee,10-Dec-14,Total hardness
2562325,130.69,Boonsri,11-Dec-14,Total hardness
2563420,122.67,Boonsri,11-Dec-14,Total hardness
2564515,138.53,Boonsri,11-Dec-14,Total hardness
2623265,198,Kannika,11-Dec-14,Total hardness
2623767,196,Kannika,11-Dec-14,Total hardness
2624271,196,Kannika,11-Dec-14,Total hardness
2624768,194,Sakda,11-Dec-14,Total hardness
2625265,190,Sakda,11-Dec-14,Total hardness
2625762,192,Sakda,11-Dec-14,Total hardness
2567543,161.3,Achara,12-Dec-14,Total hardness
2627814,318.831,Kohsoom,17-Dec-14,Total hardness
3443442,205.59,Kannika,8-Jan-15,Total hardness
3443994,203.632,Kannika,8-Jan-15,Total hardness
3444548,203.632,Kannika,8-Jan-15,Total hardness
3445096,201.674,Sakda,8-Jan-15,Total hardness
3445649,199.716,Sakda,8-Jan-15,Total hardness
3446200,201.674,Sakda,8-Jan-15,Total hardness
3380695,178.12,Boonsri,9-Jan-15,Total hardness
3381712,165.42,Boonsri,9-Jan-15,Total hardness
3382578,174.19,Boonsri,9-Jan-15,Total hardness
3384413,235,Busarakhan,16-Jan-15,Total hardness
3385363,241.78,Decha,17-Jan-15,Total hardness
3385916,160.1,Achara,17-Jan-15,Total hardness
3393870,368.368,Tansanee,22-Jan-15,Total hardness
3448399,319.981,Kohsoom,28-Jan-15,Total hardness
3393911,378.378,Tansanee,5-Feb-15,Total hardness
3443492,203.632,Kannika,12-Feb-15,Total hardness
3444044,199.716,Kannika,12-Feb-15,Total hardness
3444598,201.674,Kannika,12-Feb-15,Total hardness
3445146,205.59,Sakda,12-Feb-15,Total hardness
3445699,205.59,Sakda,12-Feb-15,Total hardness
3446250,199.716,Sakda,12-Feb-15,Total hardness
3384491,262,Busarakhan,14-Feb-15,Total hardness
3385399,257.86,Decha,14-Feb-15,Total hardness
3380798,154.4,Boonsri,18-Feb-15,Total hardness
3381782,158.33,Boonsri,18-Feb-15,Total hardness
3382648,162.25,Boonsri,18-Feb-15,Total hardness
3385951,114.5,Achara,21-Feb-15,Total hardness
3448441,293.153,Kohsoom,25-Feb-15,Total hardness
3443539,203.632,Kannika,12-Mar-15,Total hardness
3444091,203.632,Kannika,12-Mar-15,Total hardness
3444645,197.758,Kannika,12-Mar-15,Total hardness
3445193,201.674,Sakda,12-Mar-15,Total hardness
3445746,199.716,Sakda,12-Mar-15,Total hardness
3446297,197.758,Sakda,12-Mar-15,Total hardness
3385996,110.7,Achara,13-Mar-15,Total hardness
3396088,183.696,Chai,14-Mar-15,Total hardness
3438288,188.68,Chai,14-Mar-15,Total hardness
3439251,183.696,Chai,14-Mar-15,Total hardness
3383607,227.84,Somchair,15-Mar-15,Total hardness
3384566,365,Busarakhan,15-Mar-15,Total hardness
3380879,155.12,Boonsri,19-Mar-15,Total hardness
3381863,151.19,Boonsri,19-Mar-15,Total hardness
3382729,159.22,Boonsri,19-Mar-15,Total hardness
3393953,297.297,Tansanee,20-Mar-15,Total hardness
3385462,290.89,Decha,21-Mar-15,Total hardness
3448483,228.9,Kohsoom,25-Mar-15,Total hardness
3443588,189.748,Kannika,2-Apr-15,Total hardness
3444140,185.832,Kannika,2-Apr-15,Total hardness
3444690,187.79,Kannika,2-Apr-15,Total hardness
3445242,193.664,Sakda,2-Apr-15,Total hardness
3445795,189.748,Sakda,2-Apr-15,Total hardness
3446346,189.748,Sakda,2-Apr-15,Total hardness
3393997,323.063,Tansanee,3-Apr-15,Total hardness
3396159,169.812,Chai,3-Apr-15,Total hardness
3438359,164.828,Chai,3-Apr-15,Total hardness
3439322,169.812,Chai,3-Apr-15,Total hardness
3383683,203.632,Somchair,10-Apr-15,Total hardness
3384640,302,Busarakhan,10-Apr-15,Total hardness
3385508,181.61,Decha,18-Apr-15,Total hardness
3386031,111.6,Achara,18-Apr-15,Total hardness
3380965,159.22,Boonsri,22-Apr-15,Total hardness
3448525,267.984,Kohsoom,22-Apr-15,Total hardness
3383762,192.95,Somchair,10-May-15,Total hardness
3384715,205,Busarakhan,10-May-15,Total hardness
3394040,248.148,Tansanee,14-May-15,Total hardness
3443629,185.65,Kannika,14-May-15,Total hardness
3444181,179.78,Kannika,14-May-15,Total hardness
3444731,179.78,Kannika,14-May-15,Total hardness
3445283,187.79,Sakda,14-May-15,Total hardness
3445835,187.79,Sakda,14-May-15,Total hardness
3446387,183.696,Sakda,14-May-15,Total hardness
3381029,155.12,Boonsri,15-May-15,Total hardness
3381972,147.27,Boonsri,15-May-15,Total hardness
3382838,151.19,Boonsri,15-May-15,Total hardness
3386074,129.8,Achara,15-May-15,Total hardness
3396251,164.472,Chai,20-May-15,Total hardness
3438451,155.928,Chai,20-May-15,Total hardness
3439415,155.928,Chai,20-May-15,Total hardness
3385549,143.75,Decha,22-May-15,Total hardness
3448564,267.984,Kohsoom,29-May-15,Total hardness
3443673,174.618,Kannika,4-Jun-15,Total hardness
3444226,172.66,Kannika,4-Jun-15,Total hardness
3444774,168.566,Kannika,4-Jun-15,Total hardness
3383846,204.23,Somchair,6-Jun-15,Total hardness
3384794,210,Busarakhan,6-Jun-15,Total hardness
3396322,177.644,Chai,11-Jun-15,Total hardness
3438521,157.708,Chai,11-Jun-15,Total hardness
3439486,177.644,Chai,11-Jun-15,Total hardness
3394082,265.59,Tansanee,13-Jun-15,Total hardness
3381127,159.22,Boonsri,17-Jun-15,Total hardness
3382069,155.12,Boonsri,17-Jun-15,Total hardness
3382935,147.27,Boonsri,17-Jun-15,Total hardness
3385604,172.5,Decha,18-Jun-15,Total hardness
3445326,182.628,Sakda,18-Jun-15,Total hardness
3445878,176.576,Sakda,18-Jun-15,Total hardness
3446432,180.67,Sakda,18-Jun-15,Total hardness
3386112,95.5,Achara,20-Jun-15,Total hardness
3448603,242.15,Kohsoom,25-Jun-15,Total hardness
3443719,171.77,Kannika,2-Jul-15,Total hardness
3444272,165.718,Kannika,2-Jul-15,Total hardness
3444820,167.676,Kannika,2-Jul-15,Total hardness
3394124,231.38,Tansanee,10-Jul-15,Total hardness
3396397,177.644,Chai,10-Jul-15,Total hardness
3438596,177.644,Chai,10-Jul-15,Total hardness
3439561,177.644,Chai,10-Jul-15,Total hardness
3445374,175.686,Sakda,10-Jul-15,Total hardness
3445926,175.696,Sakda,10-Jul-15,Total hardness
3446480,171.77,Sakda,10-Jul-15,Total hardness
3383929,203.1,Somchair,12-Jul-15,Total hardness
3384875,219,Busarakhan,12-Jul-15,Total hardness
3381197,171.16,Boonsri,16-Jul-15,Total hardness
3382139,139.25,Boonsri,16-Jul-15,Total hardness
3383005,147.27,Boonsri,16-Jul-15,Total hardness
3386159,93.9,Achara,16-Jul-15,Total hardness
3448645,228.9,Kohsoom,18-Jul-15,Total hardness
3383992,178.34,Somchair,1-Aug-15,Total hardness
3384938,209,Busarakhan,1-Aug-15,Total hardness
3396467,167.676,Chai,5-Aug-15,Total hardness
3438666,167.676,Chai,5-Aug-15,Total hardness
3439631,167.676,Chai,5-Aug-15,Total hardness
3394166,193.15,Tansanee,13-Aug-15,Total hardness
3443766,173.728,Kannika,19-Aug-15,Total hardness
3444319,171.77,Kannika,19-Aug-15,Total hardness
3444867,167.676,Kannika,19-Aug-15,Total hardness
3381295,158.33,Boonsri,20-Aug-15,Total hardness
3382236,172.95,Boonsri,20-Aug-15,Total hardness
3383102,207.54,Boonsri,20-Aug-15,Total hardness
3445420,207.726,Sakda,20-Aug-15,Total hardness
3445972,203.632,Sakda,20-Aug-15,Total hardness
3446526,203.632,Sakda,20-Aug-15,Total hardness
3386195,122.2,Achara,22-Aug-15,Total hardness
3448684,228.704,Kohsoom,22-Aug-15,Total hardness
3396556,172.66,Chai,4-Sep-15,Total hardness
3438755,172.66,Chai,4-Sep-15,Total hardness
3439720,162.692,Chai,4-Sep-15,Total hardness
3394208,246.69,Tansanee,5-Sep-15,Total hardness
3381356,158.33,Boonsri,9-Sep-15,Total hardness
3382297,150.48,Boonsri,9-Sep-15,Total hardness
3383163,166.35,Boonsri,9-Sep-15,Total hardness
3385030,207,Busarakhan,9-Sep-15,Total hardness
3386241,119,Achara,18-Sep-15,Total hardness
3385744,131.25,Decha,19-Sep-15,Total hardness
3448726,190.25,Kohsoom,19-Sep-15,Total hardness
3396608,172.66,Chai,20-Sep-15,Total hardness
3438806,167.676,Chai,20-Sep-15,Total hardness
3439772,167.676,Chai,20-Sep-15,Total hardness
3384127,210.45,Somchair,22-Sep-15,Total hardness
3385075,209,Busarakhan,22-Sep-15,Total hardness
3443811,160.912,Kannika,24-Sep-15,Total hardness
3444365,158.954,Kannika,24-Sep-15,Total hardness
3444913,158.954,Kannika,24-Sep-15,Total hardness
3445465,168.922,Sakda,25-Sep-15,Total hardness
3446017,170.88,Sakda,25-Sep-15,Total hardness
3446571,165.006,Sakda,25-Sep-15,Total hardness
3443862,187.79,Kannika,8-Oct-15,Total hardness
3444415,187.79,Kannika,8-Oct-15,Total hardness
3444964,189.748,Kannika,8-Oct-15,Total hardness
3445517,187.79,Sakda,8-Oct-15,Total hardness
3446068,187.79,Sakda,8-Oct-15,Total hardness
3446623,189.748,Sakda,8-Oct-15,Total hardness
3386278,137.5,Achara,16-Oct-15,Total hardness
3385808,193.93,Decha,17-Oct-15,Total hardness
3394252,286.29,Tansanee,17-Oct-15,Total hardness
3381463,166.35,Boonsri,21-Oct-15,Total hardness
3382381,158.33,Boonsri,21-Oct-15,Total hardness
3383247,162.25,Boonsri,21-Oct-15,Total hardness
3448769,242.15,Kohsoom,24-Oct-15,Total hardness
3381537,154.4,Boonsri,11-Nov-15,Total hardness
3385205,233,Busarakhan,11-Nov-15,Total hardness
3394294,296.26,Tansanee,14-Nov-15,Total hardness
3448811,231.986,Kohsoom,14-Nov-15,Total hardness
3443904,203.632,Kannika,19-Nov-15,Total hardness
3444458,199.716,Kannika,19-Nov-15,Total hardness
3445006,199.716,Kannika,19-Nov-15,Total hardness
3445559,219.652,Sakda,19-Nov-15,Total hardness
3446110,215.736,Sakda,19-Nov-15,Total hardness
3446665,217.694,Sakda,19-Nov-15,Total hardness
3386323,102.2,Achara,20-Nov-15,Total hardness
3394337,280.56,Tansanee,4-Dec-15,Total hardness
3381639,158.33,Boonsri,9-Dec-15,Total hardness
3382505,154.4,Boonsri,9-Dec-15,Total hardness
3383371,150.48,Boonsri,9-Dec-15,Total hardness
3385289,229,Busarakhan,9-Dec-15,Total hardness
3386358,122.8,Achara,9-Dec-15,Total hardness
3443951,217.694,Kannika,10-Dec-15,Total hardness
3444505,215.736,Kannika,10-Dec-15,Total hardness
3445053,217.694,Kannika,10-Dec-15,Total hardness
3445606,211.642,Sakda,10-Dec-15,Total hardness
3446157,209.684,Sakda,10-Dec-15,Total hardness
3446712,207.726,Sakda,10-Dec-15,Total hardness
3448853,343.046,Kohsoom,12-Dec-15,Total hardness
3278051,162.25,Boonsri,8-Jan-16,Total hardness
3279089,158.33,Boonsri,8-Jan-16,Total hardness
3279994,154.4,Boonsri,8-Jan-16,Total hardness
3300179,247.598,Kannika,9-Jan-16,Total hardness
3300743,237.63,Kannika,9-Jan-16,Total hardness
3301310,239.588,Kannika,9-Jan-16,Total hardness
3301877,219.652,Sakda,9-Jan-16,Total hardness
3302412,219.652,Sakda,9-Jan-16,Total hardness
3302947,221.61,Sakda,9-Jan-16,Total hardness
3280904,247.34,Somchair,14-Jan-16,Total hardness
3281911,368.74,Busarakhan,14-Jan-16,Total hardness
3283433,110.6,Achara,15-Jan-16,Total hardness
3293525,217.516,Chai,16-Jan-16,Total hardness
3294525,217.516,Chai,16-Jan-16,Total hardness
3295830,217.516,Chai,16-Jan-16,Total hardness
3305093,235.241,Kohsoom,23-Jan-16,Total hardness
3280962,226.98,Somchair,6-Feb-16,Total hardness
3281968,278.166,Busarakhan,6-Feb-16,Total hardness
3281006,217.96,Somchair,11-Feb-16,Total hardness
3282010,268.142,Busarakhan,11-Feb-16,Total hardness
3300224,216.804,Kannika,11-Feb-16,Total hardness
3300788,216.804,Kannika,11-Feb-16,Total hardness
3301355,212.71,Kannika,11-Feb-16,Total hardness
3301922,220.72,Sakda,11-Feb-16,Total hardness
3302457,216.804,Sakda,11-Feb-16,Total hardness
3302992,212.71,Sakda,11-Feb-16,Total hardness
3283472,116.8,Achara,12-Feb-16,Total hardness
3293599,187.612,Chai,12-Feb-16,Total hardness
3294623,192.596,Chai,12-Feb-16,Total hardness
3295904,192.596,Chai,12-Feb-16,Total hardness
3278156,162.25,Boonsri,17-Feb-16,Total hardness
3279183,154.4,Boonsri,17-Feb-16,Total hardness
3280088,158.33,Boonsri,17-Feb-16,Total hardness
3291415,303.99,Tansanee,17-Feb-16,Total hardness
3282939,150,Decha,18-Feb-16,Total hardness
3305135,223.73,Kohsoom,20-Feb-16,Total hardness
3291450,306.05,Tansanee,26-Feb-16,Total hardness
3293664,182.628,Chai,5-Mar-16,Total hardness
3294706,177.644,Chai,5-Mar-16,Total hardness
3295969,177.644,Chai,5-Mar-16,Total hardness
3281078,276.56,Somchair,11-Mar-16,Total hardness
3282081,323.274,Busarakhan,11-Mar-16,Total hardness
3300270,191.706,Kannika,11-Mar-16,Total hardness
3300834,195.622,Kannika,11-Mar-16,Total hardness
3301401,195.622,Kannika,11-Mar-16,Total hardness
3301967,185.65,Sakda,11-Mar-16,Total hardness
3302502,185.65,Sakda,11-Mar-16,Total hardness
3303037,183.696,Sakda,11-Mar-16,Total hardness
3283513,117.2,Achara,12-Mar-16,Total hardness
3278240,154.4,Boonsri,17-Mar-16,Total hardness
3279254,150.48,Boonsri,17-Mar-16,Total hardness
3280159,158.33,Boonsri,17-Mar-16,Total hardness
3291487,290.29,Tansanee,20-Mar-16,Total hardness
3305178,248.142,Kohsoom,20-Mar-16,Total hardness
3293738,190.816,Chai,1-Apr-16,Total hardness
3294805,190.816,Chai,1-Apr-16,Total hardness
3296043,190.816,Chai,1-Apr-16,Total hardness
3300318,205.768,Kannika,1-Apr-16,Total hardness
3300882,199.716,Kannika,1-Apr-16,Total hardness
3301449,205.768,Kannika,1-Apr-16,Total hardness
3302011,203.63,Sakda,1-Apr-16,Total hardness
3302546,207.726,Sakda,1-Apr-16,Total hardness
3303081,207.73,Sakda,1-Apr-16,Total hardness
3291525,308.308,Tansanee,2-Apr-16,Total hardness
3281154,238.35,Somchair,8-Apr-16,Total hardness
3282155,336.52,Busarakhan,8-Apr-16,Total hardness
3283025,171.25,Decha,15-Apr-16,Total hardness
3283550,98.8,Achara,16-Apr-16,Total hardness
3278336,161.53,Boonsri,28-Apr-16,Total hardness
3279339,153.69,Boonsri,28-Apr-16,Total hardness
3280244,153.69,Boonsri,28-Apr-16,Total hardness
3305221,202.794,Kohsoom,29-Apr-16,Total hardness
3293830,166.608,Chai,12-May-16,Total hardness
3294936,162.692,Chai,12-May-16,Total hardness
3296135,157.708,Chai,12-May-16,Total hardness
3283593,94.6,Achara,13-May-16,Total hardness
3300365,185.83,Kannika,13-May-16,Total hardness
3300929,183.87,Kannika,13-May-16,Total hardness
3301496,181.92,Kannika,13-May-16,Total hardness
3302055,197.758,Sakda,13-May-16,Total hardness
3302590,193.664,Sakda,13-May-16,Total hardness
3303125,197.758,Sakda,13-May-16,Total hardness
3281243,219.54,Somchair,14-May-16,Total hardness
3282244,254.896,Busarakhan,14-May-16,Total hardness
3291562,241.81,Tansanee,14-May-16,Total hardness
3283069,194.64,Decha,19-May-16,Total hardness
3278422,161.53,Boonsri,28-May-16,Total hardness
3279413,157.61,Boonsri,28-May-16,Total hardness
3280318,153.69,Boonsri,28-May-16,Total hardness
3305264,243.356,Kohsoom,28-May-16,Total hardness
3293903,162.692,Chai,3-Jun-16,Total hardness
3295028,152.724,Chai,3-Jun-16,Total hardness
3296208,152.724,Chai,3-Jun-16,Total hardness
3300413,173.728,Kannika,3-Jun-16,Total hardness
3300977,167.676,Kannika,3-Jun-16,Total hardness
3301544,171.77,Kannika,3-Jun-16,Total hardness
3283631,117,Achara,11-Jun-16,Total hardness
3302102,181.738,Sakda,11-Jun-16,Total hardness
3302637,183.696,Sakda,11-Jun-16,Total hardness
3303172,183.696,Sakda,11-Jun-16,Total hardness
3291599,249.94,Tansanee,13-Jun-16,Total hardness
3278495,161.53,Boonsri,16-Jun-16,Total hardness
3279475,153.69,Boonsri,16-Jun-16,Total hardness
3280380,157.61,Boonsri,16-Jun-16,Total hardness
3281326,225.17,Somchair,16-Jun-16,Total hardness
3282326,216.948,Busarakhan,16-Jun-16,Total hardness
3283122,175.36,Decha,19-Jun-16,Total hardness
3305307,186.202,Kohsoom,19-Jun-16,Total hardness
3300460,197.758,Kannika,1-Jul-16,Total hardness
3301024,191.706,Kannika,1-Jul-16,Total hardness
3301591,195.622,Kannika,1-Jul-16,Total hardness
3293981,171.592,Chai,2-Jul-16,Total hardness
3295133,171.592,Chai,2-Jul-16,Total hardness
3296286,166.608,Chai,2-Jul-16,Total hardness
3302148,165.718,Sakda,8-Jul-16,Total hardness
3302683,159.844,Sakda,8-Jul-16,Total hardness
3303218,163.76,Sakda,8-Jul-16,Total hardness
3281403,218.61,Somchair,14-Jul-16,Total hardness
3282400,201.912,Busarakhan,14-Jul-16,Total hardness
3283674,107.3,Achara,16-Jul-16,Total hardness
3291635,258.258,Tansanee,16-Jul-16,Total hardness
3283157,134.11,Decha,17-Jul-16,Total hardness
3278594,169.38,Boonsri,21-Jul-16,Total hardness
3279574,161.53,Boonsri,21-Jul-16,Total hardness
3280479,157.61,Boonsri,21-Jul-16,Total hardness
3305350,240.948,Kohsoom,23-Jul-16,Total hardness
3294081,147.74,Chai,5-Aug-16,Total hardness
3295264,143.824,Chai,5-Aug-16,Total hardness
3296386,152.724,Chai,5-Aug-16,Total hardness
3300508,172.66,Kannika,7-Aug-16,Total hardness
3301072,170.524,Kannika,7-Aug-16,Total hardness
3301639,168.566,Kannika,7-Aug-16,Total hardness
3281494,193.14,Somchair,11-Aug-16,Total hardness
3282493,215.874,Busarakhan,11-Aug-16,Total hardness
3291670,292.29,Tansanee,12-Aug-16,Total hardness
3283212,123.75,Decha,19-Aug-16,Total hardness
3302193,174.618,Sakda,19-Aug-16,Total hardness
3302728,168.566,Sakda,19-Aug-16,Total hardness
3303263,172.66,Sakda,19-Aug-16,Total hardness
3283711,81.2,Achara,20-Aug-16,Total hardness
3278679,161.53,Boonsri,21-Aug-16,Total hardness
3279659,157.61,Boonsri,21-Aug-16,Total hardness
3280564,165.46,Boonsri,21-Aug-16,Total hardness
3305394,234.079,Kohsoom,21-Aug-16,Total hardness
3294161,176.576,Chai,3-Sep-16,Total hardness
3295370,171.592,Chai,3-Sep-16,Total hardness
3296466,176.576,Chai,3-Sep-16,Total hardness
3302238,170.524,Sakda,3-Sep-16,Total hardness
3302773,172.66,Sakda,3-Sep-16,Total hardness
3303308,172.66,Sakda,3-Sep-16,Total hardness
3291706,278.28,Tansanee,4-Sep-16,Total hardness
3281571,214.51,Somchair,9-Sep-16,Total hardness
3282570,196.9,Busarakhan,9-Sep-16,Total hardness
3283756,98.1,Achara,16-Sep-16,Total hardness
3300555,180.67,Kannika,16-Sep-16,Total hardness
3301120,147.918,Kannika,16-Sep-16,Total hardness
3301687,176.576,Kannika,16-Sep-16,Total hardness
3283268,183.93,Decha,17-Sep-16,Total hardness
3278778,173.3,Boonsri,22-Sep-16,Total hardness
3279757,161.53,Boonsri,22-Sep-16,Total hardness
3280662,157.61,Boonsri,22-Sep-16,Total hardness
3305437,263.111,Kohsoom,22-Sep-16,Total hardness
3302282,183.696,Sakda,1-Oct-16,Total hardness
3302817,183.696,Sakda,1-Oct-16,Total hardness
3303352,181.738,Sakda,1-Oct-16,Total hardness
3300603,191.706,Kannika,2-Oct-16,Total hardness
3301168,187.79,Kannika,2-Oct-16,Total hardness
3301735,189.748,Kannika,2-Oct-16,Total hardness
3294257,171.592,Chai,8-Oct-16,Total hardness
3295498,181.916,Chai,8-Oct-16,Total hardness
3296562,195.8,Chai,8-Oct-16,Total hardness
3283301,121.4,Decha,14-Oct-16,Total hardness
3281669,194.15,Somchair,15-Oct-16,Total hardness
3282667,220.886,Busarakhan,15-Oct-16,Total hardness
3278860,185.25,Boonsri,20-Oct-16,Total hardness
3279828,177.23,Boonsri,20-Oct-16,Total hardness
3280733,169.38,Boonsri,20-Oct-16,Total hardness
3291743,284.28,Tansanee,21-Oct-16,Total hardness
3305480,201.361,Kohsoom,21-Oct-16,Total hardness
3283793,89.9,Achara,22-Oct-16,Total hardness
3302327,213.6,Sakda,4-Nov-16,Total hardness
3302862,211.642,Sakda,4-Nov-16,Total hardness
3303397,213.6,Sakda,4-Nov-16,Total hardness
3294345,181.916,Chai,11-Nov-16,Total hardness
3295618,186.9,Chai,11-Nov-16,Total hardness
3296650,181.916,Chai,11-Nov-16,Total hardness
3300651,201.674,Kannika,11-Nov-16,Total hardness
3301217,203.632,Kannika,11-Nov-16,Total hardness
3301784,203.632,Kannika,11-Nov-16,Total hardness
3281751,253.08,Somchair,12-Nov-16,Total hardness
3282748,239.86,Busarakhan,12-Nov-16,Total hardness
3291780,316.32,Tansanee,12-Nov-16,Total hardness
3278941,165.46,Boonsri,17-Nov-16,Total hardness
3305524,252.209,Kohsoom,18-Nov-16,Total hardness
3283838,106.3,Achara,19-Nov-16,Total hardness
3300698,210.574,Kannika,2-Dec-16,Total hardness
3301264,206.658,Kannika,2-Dec-16,Total hardness
3301831,208.616,Kannika,2-Dec-16,Total hardness
3302370,240.478,Sakda,2-Dec-16,Total hardness
3302905,234.426,Sakda,2-Dec-16,Total hardness
3303440,238.52,Sakda,2-Dec-16,Total hardness
3294416,219.652,Chai,3-Dec-16,Total hardness
3295709,210.752,Chai,3-Dec-16,Total hardness
3296719,219.652,Chai,3-Dec-16,Total hardness
3281826,238.35,Somchair,8-Dec-16,Total hardness
3282822,249.884,Busarakhan,8-Dec-16,Total hardness
3291817,328.3,Tansanee,8-Dec-16,Total hardness
3279017,165.46,Boonsri,10-Dec-16,Total hardness
3279922,169.38,Boonsri,10-Dec-16,Total hardness
3280827,157.61,Boonsri,10-Dec-16,Total hardness
3283874,98.3,Achara,10-Dec-16,Total hardness
3305567,186.57,Kohsoom,12-Dec-16,Total hardness
3283388,204.28,Decha,16-Dec-16,Total hardness
